CustomerID,Country
12347.0,Iceland
12348.0,Finland
12349.0,Italy
12352.0,Norway
12353.0,Bahrain
12354.0,Spain
12356.0,Portugal
12357.0,Switzerland
12359.0,Cyprus
12360.0,Austria
12362.0,Belgium
12363.0,Unspecified
12364.0,Belgium
12365.0,Cyprus
12370.0,Cyprus
12371.0,Switzerland
12372.0,Denmark
12377.0,Switzerland
12378.0,Switzerland
12379.0,Belgium
12380.0,Belgium
12381.0,Norway
12383.0,Belgium
12384.0,Switzerland
12386.0,Australia
12388.0,Australia
12390.0,Belgium
12391.0,Cyprus
12393.0,Australia
12395.0,Belgium
12397.0,Belgium
12398.0,Switzerland
12399.0,Belgium
12405.0,Finland
12406.0,Denmark
12407.0,Belgium
12408.0,Belgium
12409.0,Switzerland
12410.0,Switzerland
12412.0,Denmark
12413.0,France
12415.0,Australia
12417.0,Belgium
12423.0,Belgium
12424.0,Australia
12426.0,Germany
12427.0,Germany
12428.0,Finland
12429.0,Denmark
12431.0,Australia
12432.0,Norway
12433.0,Norway
12434.0,Australia
12435.0,Denmark
12437.0,France
12438.0,Norway
12444.0,Norway
12449.0,Belgium
12451.0,Switzerland
12452.0,Switzerland
12453.0,Austria
12455.0,Spain
12456.0,Switzerland
12457.0,Switzerland
12462.0,Spain
12464.0,Belgium
12468.0,Germany
12471.0,Germany
12472.0,Germany
12473.0,Germany
12474.0,Germany
12475.0,Germany
12476.0,Germany
12477.0,Germany
12478.0,Greece
12479.0,Germany
12480.0,Germany
12481.0,Germany
12483.0,Sweden
12484.0,Spain
12490.0,France
12493.0,France
12494.0,France
12498.0,Germany
12501.0,Germany
12502.0,Spain
12504.0,Germany
12506.0,France
12508.0,France
12510.0,Spain
12513.0,France
12514.0,Italy
12516.0,Germany
12517.0,Germany
12518.0,Germany
12520.0,Germany
12521.0,Germany
12523.0,France
12524.0,Germany
12526.0,Germany
12527.0,Germany
12528.0,Germany
12530.0,Germany
12531.0,Germany
12534.0,Germany
12535.0,France
12536.0,France
12539.0,Spain
12540.0,Spain
12544.0,Spain
12546.0,Spain
12550.0,Spain
12552.0,Italy
12553.0,France
12556.0,Spain
12557.0,Spain
12560.0,Germany
12562.0,France
12564.0,France
12566.0,Germany
12567.0,France
12569.0,Germany
12571.0,France
12572.0,Germany
12573.0,France
12574.0,France
12576.0,Poland
12577.0,France
12578.0,Italy
12579.0,France
12581.0,Germany
12582.0,Finland
12583.0,France
12584.0,Italy
12586.0,Italy
12589.0,France
12590.0,Germany
12591.0,Italy
12594.0,Italy
12597.0,Spain
12598.0,France
12599.0,France
12600.0,Germany
12604.0,France
12607.0,USA
12609.0,Germany
12610.0,Italy
12611.0,Italy
12613.0,Germany
12614.0,Germany
12615.0,France
12616.0,France
12617.0,France
12619.0,Germany
12620.0,France
12621.0,Germany
12622.0,Germany
12624.0,France
12626.0,Germany
12627.0,Germany
12631.0,Finland
12633.0,Germany
12635.0,Germany
12637.0,France
12638.0,Sweden
12640.0,France
12642.0,Germany
12643.0,France
12644.0,Germany
12645.0,Germany
12646.0,USA
12647.0,Germany
12648.0,Germany
12650.0,France
12652.0,France
12653.0,Israel
12656.0,France
12658.0,Germany
12660.0,France
12662.0,Germany
12664.0,Finland
12668.0,Germany
12669.0,France
12672.0,France
12674.0,France
12676.0,Sweden
12678.0,France
12679.0,France
12680.0,France
12681.0,France
12682.0,France
12683.0,France
12685.0,France
12688.0,Israel
12690.0,France
12693.0,Germany
12695.0,France
12700.0,France
12701.0,Germany
12702.0,Germany
12704.0,Finland
12705.0,Germany
12708.0,Germany
12709.0,Germany
12710.0,Germany
12712.0,Germany
12713.0,Germany
12714.0,France
12716.0,France
12717.0,Greece
12720.0,Germany
12721.0,France
12722.0,France
12723.0,France
12724.0,France
12725.0,Italy
12726.0,France
12727.0,France
12728.0,France
12731.0,France
12739.0,United Arab Emirates
12740.0,France
12743.0,Unspecified
12744.0,Singapore
12747.0,United Kingdom
12748.0,United Kingdom
12749.0,United Kingdom
12752.0,Norway
12753.0,Japan
12757.0,Portugal
12758.0,Portugal
12759.0,Netherlands
12764.0,Lebanon
12766.0,Portugal
12772.0,Portugal
12775.0,Netherlands
12779.0,Poland
12782.0,Portugal
12783.0,Portugal
12792.0,Portugal
12793.0,Portugal
12794.0,Portugal
12795.0,Portugal
12797.0,Portugal
12802.0,Netherlands
12808.0,Portugal
12809.0,Portugal
12814.0,Poland
12816.0,Poland
12818.0,Austria
12820.0,United Kingdom
12822.0,United Kingdom
12826.0,United Kingdom
12828.0,United Kingdom
12834.0,United Kingdom
12836.0,United Kingdom
12838.0,United Kingdom
12839.0,United Kingdom
12840.0,United Kingdom
12841.0,United Kingdom
12843.0,United Kingdom
12844.0,United Kingdom
12847.0,United Kingdom
12851.0,United Kingdom
12853.0,United Kingdom
12854.0,United Kingdom
12856.0,United Kingdom
12857.0,United Kingdom
12863.0,United Kingdom
12865.0,Austria
12867.0,United Kingdom
12868.0,United Kingdom
12872.0,United Kingdom
12876.0,Belgium
12877.0,United Kingdom
12878.0,United Kingdom
12883.0,United Kingdom
12885.0,United Kingdom
12886.0,United Kingdom
12890.0,United Kingdom
12893.0,United Kingdom
12897.0,United Kingdom
12901.0,United Kingdom
12902.0,United Kingdom
12904.0,United Kingdom
12906.0,United Kingdom
12909.0,United Kingdom
12913.0,United Kingdom
12915.0,United Kingdom
12919.0,United Kingdom
12921.0,United Kingdom
12923.0,United Kingdom
12925.0,United Kingdom
12928.0,United Kingdom
12930.0,United Kingdom
12931.0,United Kingdom
12933.0,United Kingdom
12935.0,United Kingdom
12936.0,United Kingdom
12937.0,United Kingdom
12939.0,United Kingdom
12940.0,United Kingdom
12942.0,United Kingdom
12945.0,United Kingdom
12947.0,United Kingdom
12948.0,United Kingdom
12949.0,United Kingdom
12951.0,United Kingdom
12952.0,United Kingdom
12953.0,United Kingdom
12955.0,United Kingdom
12957.0,United Kingdom
12963.0,United Kingdom
12965.0,United Kingdom
12970.0,United Kingdom
12971.0,United Kingdom
12976.0,United Kingdom
12977.0,United Kingdom
12981.0,United Kingdom
12988.0,United Kingdom
12989.0,United Kingdom
12994.0,United Kingdom
12997.0,United Kingdom
12999.0,United Kingdom
13000.0,United Kingdom
13001.0,United Kingdom
13004.0,United Kingdom
13005.0,United Kingdom
13012.0,United Kingdom
13013.0,United Kingdom
13014.0,United Kingdom
13015.0,United Kingdom
13016.0,United Kingdom
13018.0,United Kingdom
13021.0,United Kingdom
13028.0,United Kingdom
13029.0,United Kingdom
13030.0,United Kingdom
13032.0,United Kingdom
13035.0,United Kingdom
13040.0,United Kingdom
13043.0,United Kingdom
13045.0,United Kingdom
13047.0,United Kingdom
13048.0,United Kingdom
13050.0,United Kingdom
13055.0,United Kingdom
13061.0,United Kingdom
13062.0,United Kingdom
13064.0,United Kingdom
13065.0,United Kingdom
13067.0,United Kingdom
13069.0,United Kingdom
13077.0,United Kingdom
13078.0,United Kingdom
13079.0,United Kingdom
13081.0,United Kingdom
13082.0,United Kingdom
13083.0,United Kingdom
13089.0,United Kingdom
13092.0,United Kingdom
13093.0,United Kingdom
13097.0,United Kingdom
13098.0,United Kingdom
13102.0,United Kingdom
13103.0,United Kingdom
13109.0,United Kingdom
13110.0,United Kingdom
13113.0,United Kingdom
13115.0,United Kingdom
13117.0,United Kingdom
13118.0,United Kingdom
13121.0,United Kingdom
13122.0,United Kingdom
13124.0,United Kingdom
13126.0,United Kingdom
13127.0,United Kingdom
13131.0,United Kingdom
13134.0,United Kingdom
13136.0,United Kingdom
13137.0,United Kingdom
13138.0,United Kingdom
13139.0,United Kingdom
13141.0,United Kingdom
13146.0,United Kingdom
13148.0,United Kingdom
13149.0,United Kingdom
13151.0,United Kingdom
13153.0,United Kingdom
13155.0,United Kingdom
13157.0,United Kingdom
13158.0,United Kingdom
13159.0,United Kingdom
13162.0,United Kingdom
13165.0,United Kingdom
13167.0,United Kingdom
13168.0,United Kingdom
13169.0,United Kingdom
13170.0,United Kingdom
13171.0,United Kingdom
13174.0,United Kingdom
13176.0,United Kingdom
13177.0,United Kingdom
13178.0,United Kingdom
13184.0,United Kingdom
13186.0,United Kingdom
13187.0,United Kingdom
13189.0,United Kingdom
13192.0,United Kingdom
13196.0,United Kingdom
13198.0,United Kingdom
13199.0,United Kingdom
13203.0,United Kingdom
13208.0,United Kingdom
13209.0,United Kingdom
13212.0,United Kingdom
13213.0,United Kingdom
13217.0,United Kingdom
13218.0,United Kingdom
13220.0,United Kingdom
13221.0,United Kingdom
13224.0,United Kingdom
13230.0,United Kingdom
13232.0,United Kingdom
13233.0,United Kingdom
13235.0,United Kingdom
13240.0,United Kingdom
13242.0,United Kingdom
13244.0,United Kingdom
13246.0,United Kingdom
13253.0,United Kingdom
13255.0,United Kingdom
13259.0,United Kingdom
13261.0,United Kingdom
13263.0,United Kingdom
13265.0,United Kingdom
13266.0,United Kingdom
13267.0,United Kingdom
13268.0,United Kingdom
13269.0,United Kingdom
13271.0,United Kingdom
13272.0,United Kingdom
13276.0,United Kingdom
13277.0,United Kingdom
13278.0,United Kingdom
13280.0,United Kingdom
13284.0,United Kingdom
13285.0,United Kingdom
13291.0,United Kingdom
13292.0,United Kingdom
13294.0,United Kingdom
13295.0,United Kingdom
13301.0,United Kingdom
13308.0,United Kingdom
13309.0,United Kingdom
13310.0,United Kingdom
13313.0,United Kingdom
13314.0,United Kingdom
13317.0,United Kingdom
13319.0,United Kingdom
13320.0,United Kingdom
13327.0,United Kingdom
13328.0,United Kingdom
13330.0,United Kingdom
13332.0,United Kingdom
13334.0,United Kingdom
13336.0,United Kingdom
13339.0,United Kingdom
13340.0,United Kingdom
13341.0,United Kingdom
13344.0,United Kingdom
13345.0,United Kingdom
13349.0,United Kingdom
13350.0,United Kingdom
13352.0,United Kingdom
13354.0,United Kingdom
13357.0,United Kingdom
13358.0,United Kingdom
13362.0,United Kingdom
13363.0,United Kingdom
13365.0,United Kingdom
13366.0,United Kingdom
13368.0,United Kingdom
13370.0,United Kingdom
13373.0,United Kingdom
13375.0,United Kingdom
13376.0,United Kingdom
13379.0,United Kingdom
13381.0,United Kingdom
13384.0,United Kingdom
13388.0,United Kingdom
13394.0,United Kingdom
13395.0,United Kingdom
13396.0,United Kingdom
13398.0,United Kingdom
13402.0,United Kingdom
13405.0,United Kingdom
13408.0,United Kingdom
13411.0,United Kingdom
13416.0,United Kingdom
13418.0,United Kingdom
13419.0,United Kingdom
13421.0,United Kingdom
13422.0,United Kingdom
13425.0,United Kingdom
13426.0,United Kingdom
13428.0,United Kingdom
13429.0,United Kingdom
13431.0,United Kingdom
13435.0,United Kingdom
13437.0,United Kingdom
13439.0,United Kingdom
13441.0,United Kingdom
13448.0,United Kingdom
13449.0,United Kingdom
13450.0,United Kingdom
13451.0,United Kingdom
13456.0,United Kingdom
13458.0,United Kingdom
13461.0,United Kingdom
13466.0,United Kingdom
13467.0,United Kingdom
13468.0,United Kingdom
13471.0,United Kingdom
13473.0,United Kingdom
13474.0,United Kingdom
13475.0,United Kingdom
13476.0,United Kingdom
13479.0,United Kingdom
13481.0,United Kingdom
13487.0,United Kingdom
13488.0,United Kingdom
13491.0,United Kingdom
13495.0,United Kingdom
13499.0,United Kingdom
13500.0,United Kingdom
13501.0,Switzerland
13502.0,United Kingdom
13503.0,United Kingdom
13505.0,Switzerland
13507.0,United Kingdom
13509.0,United Kingdom
13510.0,United Kingdom
13512.0,United Kingdom
13515.0,United Kingdom
13516.0,United Kingdom
13517.0,United Kingdom
13520.0,Switzerland
13521.0,United Kingdom
13523.0,United Kingdom
13527.0,United Kingdom
13531.0,United Kingdom
13532.0,United Kingdom
13533.0,United Kingdom
13534.0,United Kingdom
13536.0,United Kingdom
13539.0,United Kingdom
13544.0,United Kingdom
13546.0,United Kingdom
13548.0,United Kingdom
13552.0,United Kingdom
13555.0,United Kingdom
13557.0,United Kingdom
13558.0,United Kingdom
13560.0,United Kingdom
13562.0,United Kingdom
13563.0,United Kingdom
13564.0,United Kingdom
13566.0,United Kingdom
13568.0,United Kingdom
13569.0,United Kingdom
13571.0,United Kingdom
13576.0,United Kingdom
13577.0,United Kingdom
13579.0,United Kingdom
13583.0,United Kingdom
13584.0,United Kingdom
13588.0,United Kingdom
13590.0,United Kingdom
13593.0,United Kingdom
13596.0,United Kingdom
13599.0,United Kingdom
13601.0,United Kingdom
13607.0,United Kingdom
13610.0,United Kingdom
13611.0,United Kingdom
13614.0,United Kingdom
13617.0,United Kingdom
13618.0,United Kingdom
13627.0,United Kingdom
13629.0,United Kingdom
13631.0,United Kingdom
13632.0,United Kingdom
13634.0,United Kingdom
13635.0,United Kingdom
13636.0,United Kingdom
13637.0,United Kingdom
13639.0,United Kingdom
13642.0,United Kingdom
13643.0,United Kingdom
13644.0,United Kingdom
13650.0,United Kingdom
13652.0,United Kingdom
13654.0,United Kingdom
13655.0,United Kingdom
13658.0,United Kingdom
13659.0,United Kingdom
13662.0,United Kingdom
13666.0,United Kingdom
13667.0,United Kingdom
13668.0,United Kingdom
13670.0,United Kingdom
13673.0,United Kingdom
13680.0,United Kingdom
13681.0,United Kingdom
13684.0,United Kingdom
13685.0,United Kingdom
13692.0,United Kingdom
13694.0,United Kingdom
13695.0,United Kingdom
13699.0,United Kingdom
13700.0,United Kingdom
13704.0,United Kingdom
13705.0,United Kingdom
13707.0,United Kingdom
13708.0,United Kingdom
13709.0,United Kingdom
13710.0,United Kingdom
13715.0,United Kingdom
13716.0,United Kingdom
13717.0,United Kingdom
13719.0,United Kingdom
13720.0,United Kingdom
13722.0,United Kingdom
13723.0,United Kingdom
13725.0,United Kingdom
13726.0,United Kingdom
13728.0,United Kingdom
13730.0,United Kingdom
13731.0,United Kingdom
13732.0,United Kingdom
13735.0,United Kingdom
13736.0,United Kingdom
13737.0,United Kingdom
13740.0,United Kingdom
13741.0,United Kingdom
13742.0,United Kingdom
13743.0,United Kingdom
13750.0,United Kingdom
13752.0,United Kingdom
13755.0,United Kingdom
13756.0,United Kingdom
13758.0,United Kingdom
13760.0,United Kingdom
13761.0,United Kingdom
13764.0,United Kingdom
13767.0,United Kingdom
13769.0,United Kingdom
13771.0,United Kingdom
13772.0,United Kingdom
13777.0,United Kingdom
13780.0,United Kingdom
13782.0,United Kingdom
13787.0,United Kingdom
13790.0,United Kingdom
13798.0,United Kingdom
13799.0,United Kingdom
13800.0,United Kingdom
13802.0,United Kingdom
13804.0,United Kingdom
13807.0,United Kingdom
13808.0,United Kingdom
13810.0,Germany
13812.0,Germany
13813.0,Germany
13815.0,Germany
13816.0,Germany
13821.0,United Kingdom
13822.0,United Kingdom
13823.0,United Kingdom
13824.0,United Kingdom
13827.0,United Kingdom
13831.0,United Kingdom
13833.0,United Kingdom
13835.0,United Kingdom
13838.0,United Kingdom
13842.0,United Kingdom
13844.0,United Kingdom
13848.0,United Kingdom
13849.0,United Kingdom
13851.0,United Kingdom
13853.0,United Kingdom
13854.0,United Kingdom
13862.0,United Kingdom
13863.0,United Kingdom
13865.0,United Kingdom
13867.0,United Kingdom
13869.0,United Kingdom
13871.0,United Kingdom
13873.0,United Kingdom
13875.0,United Kingdom
13878.0,United Kingdom
13880.0,United Kingdom
13881.0,United Kingdom
13882.0,United Kingdom
13883.0,United Kingdom
13884.0,United Kingdom
13886.0,United Kingdom
13887.0,United Kingdom
13888.0,United Kingdom
13890.0,United Kingdom
13894.0,United Kingdom
13895.0,United Kingdom
13898.0,United Kingdom
13899.0,United Kingdom
13900.0,United Kingdom
13901.0,United Kingdom
13904.0,United Kingdom
13908.0,United Kingdom
13911.0,United Kingdom
13914.0,United Kingdom
13917.0,United Kingdom
13918.0,United Kingdom
13919.0,Denmark
13924.0,United Kingdom
13930.0,United Kingdom
13936.0,United Kingdom
13938.0,United Kingdom
13939.0,United Kingdom
13940.0,United Kingdom
13941.0,United Kingdom
13947.0,United Kingdom
13949.0,United Kingdom
13951.0,United Kingdom
13953.0,United Kingdom
13956.0,United Kingdom
13959.0,United Kingdom
13960.0,United Kingdom
13963.0,United Kingdom
13969.0,United Kingdom
13971.0,United Kingdom
13975.0,United Kingdom
13976.0,United Kingdom
13978.0,United Kingdom
13979.0,United Kingdom
13982.0,United Kingdom
13983.0,United Kingdom
13985.0,United Kingdom
13988.0,United Kingdom
13989.0,United Kingdom
13990.0,United Kingdom
13991.0,United Kingdom
13993.0,United Kingdom
13994.0,United Kingdom
13999.0,United Kingdom
14000.0,United Kingdom
14002.0,United Kingdom
14004.0,United Kingdom
14005.0,United Kingdom
14013.0,United Kingdom
14014.0,United Kingdom
14016.0,EIRE
14019.0,United Kingdom
14020.0,United Kingdom
14021.0,United Kingdom
14023.0,United Kingdom
14024.0,United Kingdom
14030.0,United Kingdom
14031.0,United Kingdom
14032.0,United Kingdom
14034.0,United Kingdom
14037.0,United Kingdom
14038.0,United Kingdom
14039.0,United Kingdom
14040.0,United Kingdom
14044.0,United Kingdom
14048.0,United Kingdom
14049.0,United Kingdom
14050.0,United Kingdom
14051.0,United Kingdom
14052.0,United Kingdom
14053.0,United Kingdom
14056.0,United Kingdom
14057.0,United Kingdom
14059.0,United Kingdom
14060.0,United Kingdom
14062.0,United Kingdom
14064.0,United Kingdom
14067.0,United Kingdom
14071.0,United Kingdom
14075.0,United Kingdom
14076.0,United Kingdom
14079.0,United Kingdom
14081.0,United Kingdom
14083.0,United Kingdom
14085.0,United Kingdom
14087.0,United Kingdom
14088.0,United Kingdom
14089.0,United Kingdom
14092.0,United Kingdom
14093.0,United Kingdom
14096.0,United Kingdom
14098.0,United Kingdom
14099.0,United Kingdom
14100.0,United Kingdom
14102.0,United Kingdom
14104.0,United Kingdom
14105.0,United Kingdom
14107.0,United Kingdom
14108.0,United Kingdom
14110.0,United Kingdom
14112.0,United Kingdom
14116.0,United Kingdom
14121.0,United Kingdom
14125.0,United Kingdom
14127.0,United Kingdom
14128.0,United Kingdom
14129.0,United Kingdom
14132.0,United Kingdom
14135.0,United Kingdom
14139.0,United Kingdom
14140.0,United Kingdom
14141.0,United Kingdom
14142.0,United Kingdom
14146.0,United Kingdom
14152.0,United Kingdom
14156.0,EIRE
14157.0,United Kingdom
14158.0,United Kingdom
14159.0,United Kingdom
14161.0,United Kingdom
14171.0,United Kingdom
14174.0,United Kingdom
14175.0,United Kingdom
14176.0,United Kingdom
14178.0,United Kingdom
14179.0,United Kingdom
14180.0,United Kingdom
14188.0,United Kingdom
14189.0,United Kingdom
14191.0,United Kingdom
14193.0,United Kingdom
14194.0,United Kingdom
14198.0,United Kingdom
14201.0,United Kingdom
14205.0,United Kingdom
14206.0,United Kingdom
14209.0,United Kingdom
14210.0,United Kingdom
14211.0,United Kingdom
14215.0,United Kingdom
14216.0,United Kingdom
14217.0,United Kingdom
14218.0,United Kingdom
14221.0,United Kingdom
14223.0,United Kingdom
14224.0,United Kingdom
14226.0,United Kingdom
14227.0,United Kingdom
14229.0,United Kingdom
14231.0,United Kingdom
14232.0,United Kingdom
14233.0,United Kingdom
14234.0,United Kingdom
14235.0,United Kingdom
14237.0,United Kingdom
14239.0,United Kingdom
14240.0,United Kingdom
14241.0,United Kingdom
14243.0,United Kingdom
14246.0,United Kingdom
14250.0,United Kingdom
14251.0,United Kingdom
14258.0,United Kingdom
14261.0,United Kingdom
14262.0,United Kingdom
14265.0,Unspecified
14267.0,United Kingdom
14270.0,United Kingdom
14271.0,United Kingdom
14272.0,United Kingdom
14273.0,United Kingdom
14276.0,United Kingdom
14277.0,France
14282.0,United Kingdom
14284.0,United Kingdom
14286.0,United Kingdom
14289.0,United Kingdom
14291.0,United Kingdom
14292.0,United Kingdom
14293.0,United Kingdom
14298.0,United Kingdom
14299.0,United Kingdom
14305.0,United Kingdom
14307.0,United Kingdom
14312.0,United Kingdom
14315.0,United Kingdom
14317.0,United Kingdom
14320.0,United Kingdom
14321.0,United Kingdom
14323.0,United Kingdom
14329.0,United Kingdom
14331.0,United Kingdom
14334.0,United Kingdom
14336.0,United Kingdom
14341.0,United Kingdom
14344.0,United Kingdom
14346.0,United Kingdom
14348.0,United Kingdom
14350.0,United Kingdom
14356.0,United Kingdom
14357.0,United Kingdom
14359.0,United Kingdom
14362.0,United Kingdom
14364.0,United Kingdom
14367.0,United Kingdom
14375.0,United Kingdom
14381.0,United Kingdom
14382.0,United Kingdom
14383.0,United Kingdom
14387.0,United Kingdom
14388.0,United Kingdom
14390.0,United Kingdom
14395.0,United Kingdom
14396.0,United Kingdom
14397.0,United Kingdom
14400.0,United Kingdom
14401.0,United Kingdom
14404.0,United Kingdom
14406.0,United Kingdom
14407.0,United Kingdom
14408.0,United Kingdom
14409.0,United Kingdom
14410.0,United Kingdom
14411.0,United Kingdom
14415.0,United Kingdom
14418.0,United Kingdom
14419.0,United Kingdom
14422.0,United Kingdom
14423.0,United Kingdom
14426.0,United Kingdom
14428.0,United Kingdom
14432.0,United Kingdom
14439.0,Greece
14440.0,United Kingdom
14441.0,United Kingdom
14442.0,Channel Islands
14443.0,United Kingdom
14446.0,United Kingdom
14447.0,United Kingdom
14449.0,United Kingdom
14450.0,United Kingdom
14451.0,United Kingdom
14456.0,United Kingdom
14457.0,United Kingdom
14459.0,United Kingdom
14461.0,United Kingdom
14462.0,United Kingdom
14465.0,United Kingdom
14466.0,United Kingdom
14467.0,United Kingdom
14470.0,United Kingdom
14472.0,United Kingdom
14480.0,United Kingdom
14482.0,United Kingdom
14484.0,United Kingdom
14485.0,United Kingdom
14487.0,United Kingdom
14493.0,United Kingdom
14496.0,United Kingdom
14498.0,United Kingdom
14499.0,United Kingdom
14502.0,United Kingdom
14503.0,United Kingdom
14504.0,United Kingdom
14505.0,United Kingdom
14506.0,United Kingdom
14507.0,United Kingdom
14508.0,United Kingdom
14514.0,United Kingdom
14515.0,United Kingdom
14524.0,United Kingdom
14525.0,United Kingdom
14527.0,United Kingdom
14529.0,United Kingdom
14530.0,United Kingdom
14532.0,United Kingdom
14533.0,United Kingdom
14534.0,United Kingdom
14535.0,United Kingdom
14538.0,United Kingdom
14541.0,United Kingdom
14543.0,United Kingdom
14544.0,United Kingdom
14546.0,United Kingdom
14547.0,United Kingdom
14549.0,United Kingdom
14552.0,United Kingdom
14553.0,United Kingdom
14554.0,United Kingdom
14555.0,United Kingdom
14560.0,United Kingdom
14561.0,United Kingdom
14562.0,United Kingdom
14565.0,United Kingdom
14566.0,Channel Islands
14567.0,United Kingdom
14570.0,United Kingdom
14572.0,United Kingdom
14573.0,United Kingdom
14577.0,United Kingdom
14583.0,United Kingdom
14584.0,United Kingdom
14585.0,United Kingdom
14586.0,United Kingdom
14587.0,United Kingdom
14589.0,United Kingdom
14591.0,United Kingdom
14592.0,United Kingdom
14593.0,United Kingdom
14594.0,United Kingdom
14595.0,United Kingdom
14597.0,United Kingdom
14600.0,United Kingdom
14601.0,United Kingdom
14606.0,United Kingdom
14607.0,United Kingdom
14618.0,United Kingdom
14619.0,United Kingdom
14620.0,United Kingdom
14621.0,United Kingdom
14623.0,United Kingdom
14625.0,United Kingdom
14626.0,United Kingdom
14628.0,United Kingdom
14629.0,United Kingdom
14639.0,United Kingdom
14640.0,United Kingdom
14644.0,United Kingdom
14646.0,Netherlands
14649.0,United Kingdom
14651.0,United Kingdom
14652.0,United Kingdom
14653.0,United Kingdom
14655.0,United Kingdom
14656.0,United Kingdom
14657.0,United Kingdom
14658.0,United Kingdom
14659.0,United Kingdom
14662.0,United Kingdom
14664.0,United Kingdom
14665.0,United Kingdom
14667.0,United Kingdom
14669.0,United Kingdom
14670.0,United Kingdom
14672.0,United Kingdom
14673.0,United Kingdom
14675.0,United Kingdom
14676.0,United Kingdom
14680.0,United Kingdom
14681.0,United Kingdom
14684.0,United Kingdom
14688.0,United Kingdom
14690.0,United Kingdom
14692.0,United Kingdom
14693.0,United Kingdom
14696.0,United Kingdom
14697.0,United Kingdom
14698.0,United Kingdom
14700.0,United Kingdom
14701.0,United Kingdom
14702.0,United Kingdom
14703.0,United Kingdom
14704.0,United Kingdom
14709.0,United Kingdom
14710.0,United Kingdom
14711.0,United Kingdom
14712.0,United Kingdom
14713.0,United Kingdom
14714.0,United Kingdom
14715.0,United Kingdom
14716.0,United Kingdom
14719.0,United Kingdom
14720.0,United Kingdom
14722.0,United Kingdom
14723.0,United Kingdom
14725.0,United Kingdom
14727.0,United Kingdom
14730.0,United Kingdom
14731.0,United Kingdom
14732.0,United Kingdom
14733.0,United Kingdom
14735.0,United Kingdom
14738.0,United Kingdom
14740.0,United Kingdom
14741.0,United Kingdom
14744.0,United Kingdom
14745.0,United Kingdom
14748.0,United Kingdom
14754.0,United Kingdom
14755.0,United Kingdom
14756.0,United Kingdom
14758.0,United Kingdom
14759.0,United Kingdom
14765.0,United Kingdom
14766.0,United Kingdom
14769.0,United Kingdom
14775.0,United Kingdom
14776.0,United Kingdom
14778.0,United Kingdom
14779.0,United Kingdom
14788.0,United Kingdom
14790.0,United Kingdom
14793.0,United Kingdom
14794.0,United Kingdom
14796.0,United Kingdom
14800.0,United Kingdom
14801.0,United Kingdom
14803.0,United Kingdom
14805.0,United Kingdom
14806.0,United Kingdom
14808.0,United Kingdom
14810.0,United Kingdom
14817.0,United Kingdom
14819.0,United Kingdom
14820.0,United Kingdom
14823.0,United Kingdom
14824.0,United Kingdom
14825.0,United Kingdom
14829.0,United Kingdom
14834.0,United Kingdom
14837.0,United Kingdom
14841.0,United Kingdom
14842.0,United Kingdom
14844.0,United Kingdom
14849.0,United Kingdom
14850.0,United Kingdom
14852.0,United Kingdom
14854.0,United Kingdom
14857.0,United Kingdom
14859.0,United Kingdom
14862.0,United Kingdom
14863.0,United Kingdom
14866.0,United Kingdom
14867.0,United Kingdom
14868.0,United Kingdom
14869.0,United Kingdom
14871.0,United Kingdom
14875.0,United Kingdom
14878.0,United Kingdom
14880.0,United Kingdom
14883.0,United Kingdom
14891.0,United Kingdom
14893.0,United Kingdom
14894.0,United Kingdom
14895.0,United Kingdom
14897.0,United Kingdom
14898.0,United Kingdom
14901.0,United Kingdom
14903.0,United Kingdom
14904.0,United Kingdom
14907.0,United Kingdom
14910.0,United Kingdom
14911.0,EIRE
14916.0,United Kingdom
14918.0,United Kingdom
14920.0,United Kingdom
14921.0,United Kingdom
14923.0,United Kingdom
14924.0,United Kingdom
14930.0,Channel Islands
14931.0,Channel Islands
14934.0,Channel Islands
14936.0,Channel Islands
14937.0,Channel Islands
14944.0,United Kingdom
14948.0,United Kingdom
14950.0,United Kingdom
14952.0,United Kingdom
14953.0,United Kingdom
14954.0,United Kingdom
14957.0,United Kingdom
14959.0,United Kingdom
14960.0,United Kingdom
14961.0,United Kingdom
14963.0,United Kingdom
14965.0,United Kingdom
14968.0,United Kingdom
14970.0,United Kingdom
14971.0,United Kingdom
14973.0,United Kingdom
14976.0,United Kingdom
14978.0,United Kingdom
14984.0,United Kingdom
14985.0,United Kingdom
14988.0,United Kingdom
14995.0,United Kingdom
14998.0,United Kingdom
15000.0,United Kingdom
15002.0,United Kingdom
15004.0,United Kingdom
15005.0,United Kingdom
15006.0,United Kingdom
15009.0,United Kingdom
15010.0,United Kingdom
15012.0,United Kingdom
15016.0,United Kingdom
15018.0,United Kingdom
15019.0,United Kingdom
15021.0,United Kingdom
15022.0,United Kingdom
15023.0,United Kingdom
15024.0,United Kingdom
15025.0,United Kingdom
15026.0,United Kingdom
15027.0,United Kingdom
15031.0,United Kingdom
15032.0,United Kingdom
15033.0,United Kingdom
15034.0,United Kingdom
15035.0,United Kingdom
15036.0,United Kingdom
15038.0,United Kingdom
15039.0,United Kingdom
15044.0,United Kingdom
15045.0,United Kingdom
15046.0,United Kingdom
15047.0,United Kingdom
15048.0,United Kingdom
15050.0,United Kingdom
15051.0,United Kingdom
15053.0,United Kingdom
15054.0,United Kingdom
15058.0,United Kingdom
15059.0,United Kingdom
15060.0,United Kingdom
15061.0,United Kingdom
15062.0,United Kingdom
15063.0,United Kingdom
15065.0,United Kingdom
15066.0,United Kingdom
15068.0,United Kingdom
15069.0,United Kingdom
15071.0,United Kingdom
15073.0,United Kingdom
15074.0,United Kingdom
15075.0,United Kingdom
15078.0,United Kingdom
15079.0,United Kingdom
15083.0,United Kingdom
15087.0,United Kingdom
15088.0,United Kingdom
15089.0,United Kingdom
15090.0,United Kingdom
15092.0,United Kingdom
15093.0,United Kingdom
15095.0,United Kingdom
15096.0,United Kingdom
15097.0,United Kingdom
15099.0,United Kingdom
15103.0,United Kingdom
15104.0,United Kingdom
15106.0,United Kingdom
15108.0,European Community
15110.0,United Kingdom
15111.0,United Kingdom
15113.0,United Kingdom
15114.0,United Kingdom
15115.0,United Kingdom
15117.0,United Kingdom
15119.0,United Kingdom
15121.0,United Kingdom
15122.0,United Kingdom
15123.0,United Kingdom
15125.0,United Kingdom
15127.0,United Kingdom
15128.0,United Kingdom
15129.0,United Kingdom
15130.0,United Kingdom
15132.0,United Kingdom
15133.0,United Kingdom
15136.0,United Kingdom
15139.0,United Kingdom
15140.0,United Kingdom
15142.0,United Kingdom
15144.0,United Kingdom
15145.0,United Kingdom
15146.0,United Kingdom
15148.0,United Kingdom
15150.0,United Kingdom
15152.0,United Kingdom
15153.0,United Kingdom
15154.0,United Kingdom
15157.0,United Kingdom
15159.0,United Kingdom
15163.0,United Kingdom
15164.0,United Kingdom
15165.0,United Kingdom
15172.0,United Kingdom
15175.0,United Kingdom
15178.0,United Kingdom
15179.0,United Kingdom
15181.0,United Kingdom
15184.0,United Kingdom
15187.0,United Kingdom
15189.0,United Kingdom
15192.0,United Kingdom
15193.0,United Kingdom
15194.0,United Kingdom
15201.0,United Kingdom
15203.0,United Kingdom
15204.0,United Kingdom
15205.0,United Kingdom
15208.0,United Kingdom
15210.0,United Kingdom
15211.0,United Kingdom
15213.0,United Kingdom
15214.0,United Kingdom
15218.0,United Kingdom
15220.0,United Kingdom
15223.0,United Kingdom
15227.0,United Kingdom
15228.0,United Kingdom
15234.0,United Kingdom
15235.0,United Kingdom
15237.0,United Kingdom
15238.0,United Kingdom
15240.0,United Kingdom
15241.0,United Kingdom
15244.0,United Kingdom
15245.0,United Kingdom
15249.0,United Kingdom
15251.0,United Kingdom
15252.0,United Kingdom
15254.0,United Kingdom
15255.0,United Kingdom
15260.0,United Kingdom
15263.0,United Kingdom
15270.0,United Kingdom
15271.0,United Kingdom
15276.0,United Kingdom
15281.0,United Kingdom
15288.0,United Kingdom
15289.0,United Kingdom
15290.0,United Kingdom
15291.0,United Kingdom
15292.0,United Kingdom
15296.0,United Kingdom
15297.0,United Kingdom
15298.0,United Kingdom
15300.0,United Kingdom
15301.0,United Kingdom
15303.0,United Kingdom
15311.0,United Kingdom
15319.0,United Kingdom
15320.0,United Kingdom
15321.0,United Kingdom
15325.0,United Kingdom
15330.0,United Kingdom
15332.0,Lithuania
15334.0,United Kingdom
15335.0,United Kingdom
15344.0,United Kingdom
15348.0,United Kingdom
15349.0,United Kingdom
15350.0,United Kingdom
15351.0,United Kingdom
15353.0,United Kingdom
15356.0,United Kingdom
15358.0,United Kingdom
15360.0,United Kingdom
15363.0,United Kingdom
15364.0,United Kingdom
15365.0,United Kingdom
15366.0,United Kingdom
15367.0,United Kingdom
15370.0,United Kingdom
15373.0,United Kingdom
15376.0,United Kingdom
15379.0,United Kingdom
15382.0,United Kingdom
15385.0,United Kingdom
15386.0,United Kingdom
15388.0,Canada
15392.0,United Kingdom
15394.0,United Kingdom
15396.0,United Kingdom
15398.0,United Kingdom
15399.0,United Kingdom
15406.0,United Kingdom
15407.0,United Kingdom
15410.0,United Kingdom
15411.0,United Kingdom
15412.0,United Kingdom
15414.0,United Kingdom
15416.0,United Kingdom
15421.0,United Kingdom
15426.0,United Kingdom
15427.0,United Kingdom
15428.0,United Kingdom
15429.0,United Kingdom
15433.0,United Kingdom
15436.0,United Kingdom
15437.0,United Kingdom
15438.0,United Kingdom
15440.0,United Kingdom
15443.0,United Kingdom
15444.0,United Kingdom
15448.0,United Kingdom
15452.0,United Kingdom
15453.0,United Kingdom
15457.0,United Kingdom
15458.0,United Kingdom
15465.0,United Kingdom
15467.0,United Kingdom
15469.0,United Kingdom
15473.0,United Kingdom
15475.0,United Kingdom
15478.0,United Kingdom
15482.0,United Kingdom
15483.0,United Kingdom
15484.0,United Kingdom
15489.0,United Kingdom
15491.0,United Kingdom
15492.0,United Kingdom
15493.0,United Kingdom
15494.0,United Kingdom
15498.0,United Kingdom
15502.0,United Kingdom
15505.0,United Kingdom
15506.0,United Kingdom
15507.0,United Kingdom
15508.0,United Kingdom
15511.0,United Kingdom
15513.0,United Kingdom
15514.0,United Kingdom
15517.0,United Kingdom
15518.0,United Kingdom
15521.0,United Kingdom
15522.0,United Kingdom
15523.0,United Kingdom
15525.0,United Kingdom
15527.0,United Kingdom
15528.0,United Kingdom
15529.0,United Kingdom
15530.0,United Kingdom
15531.0,United Kingdom
15532.0,United Kingdom
15533.0,United Kingdom
15535.0,United Kingdom
15537.0,United Kingdom
15541.0,United Kingdom
15543.0,United Kingdom
15544.0,United Kingdom
15545.0,United Kingdom
15547.0,United Kingdom
15549.0,United Kingdom
15550.0,United Kingdom
15552.0,United Kingdom
15553.0,United Kingdom
15555.0,United Kingdom
15556.0,United Kingdom
15557.0,United Kingdom
15561.0,United Kingdom
15563.0,United Kingdom
15568.0,United Kingdom
15569.0,United Kingdom
15570.0,United Kingdom
15571.0,United Kingdom
15572.0,United Kingdom
15573.0,United Kingdom
15574.0,United Kingdom
15576.0,United Kingdom
15577.0,United Kingdom
15578.0,United Kingdom
15579.0,United Kingdom
15581.0,United Kingdom
15584.0,United Kingdom
15585.0,United Kingdom
15589.0,United Kingdom
15592.0,United Kingdom
15594.0,United Kingdom
15596.0,United Kingdom
15599.0,United Kingdom
15601.0,United Kingdom
15603.0,United Kingdom
15606.0,United Kingdom
15615.0,United Kingdom
15618.0,United Kingdom
15620.0,United Kingdom
15621.0,United Kingdom
15622.0,United Kingdom
15625.0,United Kingdom
15628.0,United Kingdom
15630.0,United Kingdom
15632.0,United Kingdom
15634.0,United Kingdom
15640.0,United Kingdom
15641.0,United Kingdom
15644.0,United Kingdom
15646.0,United Kingdom
15648.0,United Kingdom
15651.0,United Kingdom
15655.0,United Kingdom
15658.0,United Kingdom
15660.0,United Kingdom
15665.0,United Kingdom
15667.0,United Kingdom
15671.0,United Kingdom
15673.0,United Kingdom
15674.0,United Kingdom
15676.0,United Kingdom
15677.0,United Kingdom
15679.0,United Kingdom
15680.0,United Kingdom
15681.0,United Kingdom
15683.0,United Kingdom
15687.0,United Kingdom
15694.0,United Kingdom
15696.0,United Kingdom
15699.0,United Kingdom
15700.0,United Kingdom
15701.0,United Kingdom
15704.0,United Kingdom
15706.0,United Kingdom
15707.0,United Kingdom
15708.0,United Kingdom
15712.0,United Kingdom
15714.0,United Kingdom
15716.0,United Kingdom
15719.0,United Kingdom
15720.0,United Kingdom
15721.0,United Kingdom
15722.0,United Kingdom
15727.0,United Kingdom
15730.0,United Kingdom
15737.0,United Kingdom
15738.0,United Kingdom
15743.0,United Kingdom
15745.0,United Kingdom
15746.0,United Kingdom
15747.0,United Kingdom
15748.0,United Kingdom
15750.0,United Kingdom
15752.0,United Kingdom
15755.0,United Kingdom
15756.0,United Kingdom
15757.0,United Kingdom
15762.0,United Kingdom
15764.0,United Kingdom
15766.0,United Kingdom
15769.0,United Kingdom
15783.0,United Kingdom
15785.0,United Kingdom
15786.0,United Kingdom
15787.0,United Kingdom
15791.0,United Kingdom
15793.0,United Kingdom
15795.0,United Kingdom
15796.0,United Kingdom
15797.0,United Kingdom
15799.0,United Kingdom
15800.0,United Kingdom
15801.0,United Kingdom
15804.0,United Kingdom
15805.0,United Kingdom
15806.0,United Kingdom
15808.0,United Kingdom
15809.0,United Kingdom
15810.0,United Kingdom
15811.0,United Kingdom
15812.0,United Kingdom
15813.0,United Kingdom
15814.0,United Kingdom
15815.0,United Kingdom
15819.0,United Kingdom
15821.0,United Kingdom
15825.0,United Kingdom
15826.0,United Kingdom
15827.0,United Kingdom
15829.0,United Kingdom
15830.0,United Kingdom
15831.0,United Kingdom
15832.0,United Kingdom
15834.0,United Kingdom
15835.0,United Kingdom
15837.0,United Kingdom
15838.0,United Kingdom
15840.0,United Kingdom
15841.0,United Kingdom
15845.0,United Kingdom
15847.0,United Kingdom
15850.0,United Kingdom
15853.0,United Kingdom
15854.0,United Kingdom
15856.0,United Kingdom
15858.0,United Kingdom
15860.0,United Kingdom
15861.0,United Kingdom
15862.0,United Kingdom
15867.0,United Kingdom
15869.0,United Kingdom
15870.0,United Kingdom
15872.0,United Kingdom
15874.0,United Kingdom
15877.0,United Kingdom
15880.0,United Kingdom
15881.0,United Kingdom
15882.0,United Kingdom
15883.0,United Kingdom
15885.0,United Kingdom
15888.0,United Kingdom
15894.0,United Kingdom
15898.0,United Kingdom
15900.0,United Kingdom
15901.0,United Kingdom
15903.0,United Kingdom
15904.0,United Kingdom
15906.0,United Kingdom
15907.0,United Kingdom
15910.0,United Kingdom
15912.0,United Kingdom
15916.0,United Kingdom
15918.0,United Kingdom
15919.0,United Kingdom
15921.0,United Kingdom
15932.0,United Kingdom
15933.0,United Kingdom
15938.0,United Kingdom
15939.0,United Kingdom
15948.0,United Kingdom
15950.0,United Kingdom
15952.0,United Kingdom
15953.0,United Kingdom
15955.0,United Kingdom
15963.0,United Kingdom
15965.0,United Kingdom
15969.0,United Kingdom
15971.0,United Kingdom
15974.0,United Kingdom
15975.0,United Kingdom
15976.0,United Kingdom
15977.0,United Kingdom
15978.0,United Kingdom
15980.0,United Kingdom
15981.0,United Kingdom
15983.0,United Kingdom
15984.0,United Kingdom
15987.0,United Kingdom
15990.0,United Kingdom
15993.0,United Kingdom
15996.0,United Kingdom
15998.0,United Kingdom
16003.0,United Kingdom
16005.0,United Kingdom
16007.0,United Kingdom
16009.0,United Kingdom
16010.0,United Kingdom
16011.0,United Kingdom
16012.0,United Kingdom
16013.0,United Kingdom
16014.0,United Kingdom
16015.0,United Kingdom
16016.0,United Kingdom
16017.0,United Kingdom
16019.0,United Kingdom
16020.0,United Kingdom
16022.0,United Kingdom
16023.0,United Kingdom
16024.0,United Kingdom
16029.0,United Kingdom
16031.0,United Kingdom
16033.0,United Kingdom
16036.0,United Kingdom
16038.0,United Kingdom
16040.0,United Kingdom
16042.0,United Kingdom
16043.0,United Kingdom
16045.0,United Kingdom
16049.0,United Kingdom
16050.0,United Kingdom
16053.0,United Kingdom
16054.0,United Kingdom
16055.0,United Kingdom
16056.0,United Kingdom
16057.0,United Kingdom
16059.0,United Kingdom
16062.0,United Kingdom
16063.0,United Kingdom
16065.0,United Kingdom
16070.0,United Kingdom
16071.0,United Kingdom
16076.0,United Kingdom
16081.0,United Kingdom
16083.0,United Kingdom
16084.0,United Kingdom
16085.0,United Kingdom
16091.0,United Kingdom
16096.0,United Kingdom
16098.0,United Kingdom
16099.0,United Kingdom
16101.0,United Kingdom
16102.0,United Kingdom
16103.0,United Kingdom
16104.0,United Kingdom
16107.0,United Kingdom
16110.0,United Kingdom
16115.0,United Kingdom
16117.0,United Kingdom
16119.0,United Kingdom
16120.0,United Kingdom
16121.0,United Kingdom
16122.0,United Kingdom
16126.0,United Kingdom
16128.0,United Kingdom
16131.0,United Kingdom
16133.0,United Kingdom
16134.0,United Kingdom
16143.0,United Kingdom
16145.0,United Kingdom
16150.0,United Kingdom
16152.0,United Kingdom
16153.0,United Kingdom
16156.0,United Kingdom
16161.0,United Kingdom
16164.0,United Kingdom
16168.0,United Kingdom
16169.0,United Kingdom
16170.0,United Kingdom
16175.0,United Kingdom
16180.0,United Kingdom
16182.0,United Kingdom
16183.0,United Kingdom
16184.0,United Kingdom
16186.0,United Kingdom
16187.0,United Kingdom
16188.0,United Kingdom
16198.0,United Kingdom
16204.0,United Kingdom
16205.0,United Kingdom
16206.0,United Kingdom
16208.0,United Kingdom
16209.0,United Kingdom
16210.0,United Kingdom
16211.0,United Kingdom
16212.0,United Kingdom
16214.0,United Kingdom
16216.0,United Kingdom
16218.0,United Kingdom
16221.0,United Kingdom
16222.0,United Kingdom
16224.0,United Kingdom
16225.0,United Kingdom
16229.0,United Kingdom
16230.0,United Kingdom
16232.0,United Kingdom
16235.0,United Kingdom
16240.0,United Kingdom
16241.0,United Kingdom
16242.0,United Kingdom
16244.0,United Kingdom
16245.0,United Kingdom
16249.0,United Kingdom
16253.0,United Kingdom
16255.0,United Kingdom
16258.0,United Kingdom
16260.0,United Kingdom
16261.0,United Kingdom
16265.0,United Kingdom
16266.0,United Kingdom
16268.0,United Kingdom
16270.0,United Kingdom
16271.0,United Kingdom
16274.0,United Kingdom
16275.0,United Kingdom
16279.0,United Kingdom
16283.0,United Kingdom
16284.0,United Kingdom
16293.0,United Kingdom
16295.0,United Kingdom
16298.0,United Kingdom
16302.0,United Kingdom
16303.0,United Kingdom
16305.0,United Kingdom
16306.0,United Kingdom
16309.0,United Kingdom
16316.0,United Kingdom
16317.0,United Kingdom
16320.0,Unspecified
16322.0,United Kingdom
16324.0,United Kingdom
16326.0,United Kingdom
16327.0,United Kingdom
16330.0,United Kingdom
16332.0,United Kingdom
16340.0,United Kingdom
16341.0,United Kingdom
16342.0,United Kingdom
16345.0,United Kingdom
16347.0,United Kingdom
16348.0,United Kingdom
16350.0,United Kingdom
16352.0,United Kingdom
16354.0,United Kingdom
16356.0,United Kingdom
16357.0,United Kingdom
16358.0,United Kingdom
16359.0,United Kingdom
16360.0,United Kingdom
16361.0,United Kingdom
16362.0,United Kingdom
16363.0,United Kingdom
16364.0,United Kingdom
16365.0,United Kingdom
16367.0,United Kingdom
16368.0,United Kingdom
16369.0,United Kingdom
16370.0,United Kingdom
16372.0,United Kingdom
16374.0,United Kingdom
16376.0,United Kingdom
16378.0,United Kingdom
16379.0,United Kingdom
16380.0,United Kingdom
16383.0,United Kingdom
16384.0,United Kingdom
16385.0,United Kingdom
16386.0,United Kingdom
16389.0,United Kingdom
16393.0,United Kingdom
16394.0,United Kingdom
16395.0,United Kingdom
16399.0,United Kingdom
16400.0,United Kingdom
16401.0,United Kingdom
16404.0,United Kingdom
16406.0,United Kingdom
16407.0,United Kingdom
16409.0,United Kingdom
16411.0,United Kingdom
16413.0,United Kingdom
16415.0,United Kingdom
16416.0,United Kingdom
16418.0,United Kingdom
16419.0,United Kingdom
16422.0,United Kingdom
16426.0,United Kingdom
16427.0,United Kingdom
16431.0,United Kingdom
16432.0,United Kingdom
16434.0,United Kingdom
16438.0,United Kingdom
16440.0,United Kingdom
16441.0,United Kingdom
16442.0,United Kingdom
16444.0,United Kingdom
16445.0,United Kingdom
16447.0,United Kingdom
16455.0,United Kingdom
16456.0,United Kingdom
16458.0,United Kingdom
16460.0,United Kingdom
16461.0,United Kingdom
16463.0,United Kingdom
16464.0,United Kingdom
16466.0,United Kingdom
16469.0,United Kingdom
16470.0,United Kingdom
16474.0,United Kingdom
16475.0,United Kingdom
16477.0,United Kingdom
16480.0,United Kingdom
16484.0,United Kingdom
16488.0,United Kingdom
16493.0,United Kingdom
16494.0,United Kingdom
16495.0,United Kingdom
16496.0,United Kingdom
16497.0,United Kingdom
16500.0,United Kingdom
16503.0,United Kingdom
16511.0,United Kingdom
16513.0,United Kingdom
16515.0,United Kingdom
16519.0,United Kingdom
16520.0,United Kingdom
16523.0,United Kingdom
16525.0,United Kingdom
16527.0,United Kingdom
16531.0,United Kingdom
16533.0,United Kingdom
16536.0,United Kingdom
16539.0,United Kingdom
16549.0,United Kingdom
16550.0,United Kingdom
16552.0,United Kingdom
16553.0,United Kingdom
16554.0,United Kingdom
16556.0,United Kingdom
16558.0,United Kingdom
16560.0,United Kingdom
16563.0,United Kingdom
16570.0,United Kingdom
16571.0,United Kingdom
16572.0,United Kingdom
16573.0,United Kingdom
16582.0,United Kingdom
16589.0,United Kingdom
16592.0,United Kingdom
16593.0,United Kingdom
16594.0,United Kingdom
16595.0,United Kingdom
16603.0,United Kingdom
16607.0,United Kingdom
16609.0,United Kingdom
16612.0,United Kingdom
16613.0,United Kingdom
16616.0,United Kingdom
16618.0,United Kingdom
16624.0,United Kingdom
16625.0,United Kingdom
16626.0,United Kingdom
16628.0,United Kingdom
16629.0,United Kingdom
16633.0,United Kingdom
16637.0,United Kingdom
16638.0,United Kingdom
16639.0,United Kingdom
16643.0,United Kingdom
16644.0,United Kingdom
16647.0,United Kingdom
16648.0,United Kingdom
16652.0,United Kingdom
16653.0,United Kingdom
16654.0,United Kingdom
16655.0,United Kingdom
16656.0,United Kingdom
16657.0,United Kingdom
16665.0,United Kingdom
16666.0,United Kingdom
16669.0,United Kingdom
16670.0,United Kingdom
16672.0,United Kingdom
16674.0,United Kingdom
16676.0,United Kingdom
16678.0,United Kingdom
16684.0,United Kingdom
16685.0,United Kingdom
16686.0,United Kingdom
16688.0,United Kingdom
16700.0,United Kingdom
16701.0,United Kingdom
16705.0,United Kingdom
16706.0,United Kingdom
16709.0,United Kingdom
16710.0,United Kingdom
16711.0,United Kingdom
16712.0,United Kingdom
16713.0,United Kingdom
16714.0,United Kingdom
16715.0,United Kingdom
16717.0,United Kingdom
16718.0,United Kingdom
16719.0,United Kingdom
16721.0,United Kingdom
16722.0,United Kingdom
16723.0,United Kingdom
16725.0,United Kingdom
16726.0,United Kingdom
16727.0,United Kingdom
16728.0,United Kingdom
16729.0,United Kingdom
16730.0,United Kingdom
16732.0,United Kingdom
16734.0,United Kingdom
16735.0,United Kingdom
16743.0,United Kingdom
16744.0,United Kingdom
16745.0,United Kingdom
16746.0,United Kingdom
16748.0,United Kingdom
16750.0,United Kingdom
16751.0,United Kingdom
16753.0,United Kingdom
16755.0,United Kingdom
16756.0,United Kingdom
16758.0,United Kingdom
16759.0,United Kingdom
16762.0,United Kingdom
16764.0,United Kingdom
16766.0,United Kingdom
16767.0,United Kingdom
16769.0,United Kingdom
16770.0,United Kingdom
16771.0,United Kingdom
16775.0,United Kingdom
16776.0,United Kingdom
16779.0,United Kingdom
16780.0,United Kingdom
16782.0,United Kingdom
16788.0,United Kingdom
16790.0,United Kingdom
16791.0,United Kingdom
16794.0,United Kingdom
16795.0,United Kingdom
16800.0,United Kingdom
16803.0,United Kingdom
16804.0,United Kingdom
16805.0,United Kingdom
16806.0,United Kingdom
16807.0,United Kingdom
16809.0,United Kingdom
16813.0,United Kingdom
16814.0,United Kingdom
16816.0,United Kingdom
16817.0,United Kingdom
16818.0,United Kingdom
16820.0,United Kingdom
16823.0,United Kingdom
16824.0,United Kingdom
16825.0,United Kingdom
16826.0,United Kingdom
16833.0,United Kingdom
16834.0,United Kingdom
16839.0,United Kingdom
16842.0,United Kingdom
16843.0,United Kingdom
16848.0,United Kingdom
16851.0,United Kingdom
16855.0,United Kingdom
16859.0,United Kingdom
16861.0,United Kingdom
16869.0,United Kingdom
16871.0,United Kingdom
16873.0,United Kingdom
16875.0,United Kingdom
16877.0,United Kingdom
16880.0,United Kingdom
16882.0,United Kingdom
16883.0,United Kingdom
16885.0,United Kingdom
16889.0,United Kingdom
16891.0,United Kingdom
16892.0,United Kingdom
16895.0,United Kingdom
16898.0,United Kingdom
16899.0,United Kingdom
16900.0,United Kingdom
16902.0,United Kingdom
16903.0,United Kingdom
16904.0,United Kingdom
16905.0,United Kingdom
16906.0,United Kingdom
16907.0,United Kingdom
16909.0,United Kingdom
16910.0,United Kingdom
16912.0,United Kingdom
16914.0,United Kingdom
16915.0,United Kingdom
16916.0,United Kingdom
16917.0,United Kingdom
16918.0,United Kingdom
16919.0,United Kingdom
16921.0,United Kingdom
16923.0,United Kingdom
16924.0,United Kingdom
16928.0,United Kingdom
16929.0,United Kingdom
16930.0,United Kingdom
16931.0,United Kingdom
16932.0,United Kingdom
16933.0,United Kingdom
16934.0,United Kingdom
16936.0,United Kingdom
16938.0,United Kingdom
16940.0,United Kingdom
16942.0,United Kingdom
16945.0,United Kingdom
16947.0,United Kingdom
16949.0,United Kingdom
16951.0,United Kingdom
16954.0,United Kingdom
16955.0,United Kingdom
16956.0,United Kingdom
16960.0,United Kingdom
16961.0,United Kingdom
16963.0,United Kingdom
16968.0,United Kingdom
16976.0,United Kingdom
16979.0,United Kingdom
16980.0,United Kingdom
16983.0,United Kingdom
16984.0,United Kingdom
16985.0,United Kingdom
16987.0,United Kingdom
16988.0,United Kingdom
16992.0,United Kingdom
16996.0,United Kingdom
16997.0,United Kingdom
16998.0,United Kingdom
16999.0,United Kingdom
17001.0,United Kingdom
17004.0,United Kingdom
17006.0,United Kingdom
17014.0,United Kingdom
17015.0,United Kingdom
17017.0,United Kingdom
17019.0,United Kingdom
17027.0,United Kingdom
17031.0,United Kingdom
17033.0,United Kingdom
17034.0,United Kingdom
17035.0,United Kingdom
17037.0,United Kingdom
17040.0,United Kingdom
17041.0,United Kingdom
17042.0,United Kingdom
17043.0,United Kingdom
17046.0,United Kingdom
17047.0,United Kingdom
17048.0,United Kingdom
17049.0,United Kingdom
17050.0,United Kingdom
17051.0,United Kingdom
17052.0,United Kingdom
17059.0,United Kingdom
17061.0,United Kingdom
17062.0,United Kingdom
17063.0,United Kingdom
17068.0,United Kingdom
17069.0,United Kingdom
17070.0,United Kingdom
17071.0,United Kingdom
17073.0,United Kingdom
17075.0,United Kingdom
17078.0,United Kingdom
17081.0,United Kingdom
17082.0,United Kingdom
17084.0,United Kingdom
17085.0,United Kingdom
17086.0,United Kingdom
17088.0,United Kingdom
17090.0,United Kingdom
17091.0,United Kingdom
17092.0,United Kingdom
17095.0,United Kingdom
17096.0,United Kingdom
17097.0,Spain
17100.0,United Kingdom
17101.0,United Kingdom
17105.0,United Kingdom
17107.0,United Kingdom
17109.0,United Kingdom
17111.0,United Kingdom
17114.0,United Kingdom
17115.0,United Kingdom
17119.0,United Kingdom
17120.0,United Kingdom
17125.0,United Kingdom
17126.0,United Kingdom
17131.0,United Kingdom
17134.0,United Kingdom
17138.0,United Kingdom
17139.0,United Kingdom
17144.0,United Kingdom
17147.0,United Kingdom
17155.0,United Kingdom
17159.0,United Kingdom
17160.0,United Kingdom
17162.0,United Kingdom
17163.0,United Kingdom
17164.0,United Kingdom
17169.0,United Kingdom
17173.0,United Kingdom
17175.0,United Kingdom
17179.0,United Kingdom
17181.0,United Kingdom
17183.0,United Kingdom
17188.0,United Kingdom
17189.0,United Kingdom
17191.0,United Kingdom
17193.0,United Kingdom
17194.0,United Kingdom
17198.0,United Kingdom
17203.0,United Kingdom
17204.0,United Kingdom
17206.0,United Kingdom
17211.0,United Kingdom
17213.0,United Kingdom
17218.0,United Kingdom
17219.0,United Kingdom
17220.0,United Kingdom
17221.0,United Kingdom
17222.0,United Kingdom
17223.0,United Kingdom
17226.0,United Kingdom
17227.0,United Kingdom
17228.0,United Kingdom
17229.0,United Kingdom
17230.0,United Kingdom
17231.0,United Kingdom
17235.0,United Kingdom
17236.0,United Kingdom
17238.0,United Kingdom
17239.0,United Kingdom
17242.0,United Kingdom
17243.0,United Kingdom
17247.0,United Kingdom
17248.0,United Kingdom
17250.0,United Kingdom
17252.0,United Kingdom
17254.0,United Kingdom
17256.0,United Kingdom
17259.0,United Kingdom
17263.0,United Kingdom
17265.0,United Kingdom
17266.0,United Kingdom
17267.0,United Kingdom
17272.0,United Kingdom
17274.0,United Kingdom
17277.0,United Kingdom
17278.0,United Kingdom
17282.0,United Kingdom
17284.0,United Kingdom
17286.0,United Kingdom
17287.0,United Kingdom
17288.0,United Kingdom
17289.0,United Kingdom
17290.0,United Kingdom
17293.0,United Kingdom
17295.0,United Kingdom
17297.0,United Kingdom
17298.0,United Kingdom
17301.0,United Kingdom
17302.0,United Kingdom
17306.0,United Kingdom
17311.0,United Kingdom
17313.0,United Kingdom
17314.0,United Kingdom
17315.0,United Kingdom
17321.0,United Kingdom
17323.0,United Kingdom
17324.0,United Kingdom
17329.0,United Kingdom
17333.0,United Kingdom
17334.0,United Kingdom
17337.0,United Kingdom
17338.0,United Kingdom
17340.0,United Kingdom
17341.0,United Kingdom
17344.0,United Kingdom
17345.0,United Kingdom
17346.0,United Kingdom
17348.0,United Kingdom
17350.0,United Kingdom
17356.0,United Kingdom
17357.0,United Kingdom
17360.0,United Kingdom
17361.0,United Kingdom
17362.0,United Kingdom
17364.0,United Kingdom
17365.0,United Kingdom
17367.0,United Kingdom
17368.0,United Kingdom
17371.0,United Kingdom
17372.0,United Kingdom
17373.0,United Kingdom
17374.0,United Kingdom
17375.0,United Kingdom
17377.0,United Kingdom
17379.0,United Kingdom
17381.0,United Kingdom
17383.0,United Kingdom
17387.0,United Kingdom
17388.0,United Kingdom
17389.0,United Kingdom
17392.0,United Kingdom
17396.0,United Kingdom
17397.0,United Kingdom
17398.0,United Kingdom
17400.0,United Kingdom
17403.0,United Kingdom
17404.0,Sweden
17405.0,United Kingdom
17406.0,United Kingdom
17410.0,United Kingdom
17411.0,United Kingdom
17412.0,United Kingdom
17416.0,United Kingdom
17418.0,United Kingdom
17419.0,United Kingdom
17422.0,United Kingdom
17423.0,United Kingdom
17426.0,United Kingdom
17427.0,United Kingdom
17428.0,United Kingdom
17429.0,United Kingdom
17432.0,United Kingdom
17434.0,United Kingdom
17442.0,United Kingdom
17444.0,Canada
17447.0,United Kingdom
17449.0,United Kingdom
17450.0,United Kingdom
17451.0,United Kingdom
17454.0,United Kingdom
17457.0,United Kingdom
17458.0,United Kingdom
17460.0,United Kingdom
17462.0,United Kingdom
17463.0,United Kingdom
17466.0,United Kingdom
17469.0,United Kingdom
17472.0,United Kingdom
17480.0,United Kingdom
17481.0,United Kingdom
17483.0,United Kingdom
17486.0,United Kingdom
17489.0,United Kingdom
17490.0,United Kingdom
17491.0,United Kingdom
17492.0,United Kingdom
17498.0,United Kingdom
17499.0,United Kingdom
17503.0,United Kingdom
17504.0,United Kingdom
17507.0,United Kingdom
17509.0,United Kingdom
17510.0,United Kingdom
17511.0,United Kingdom
17512.0,United Kingdom
17514.0,United Kingdom
17515.0,United Kingdom
17516.0,United Kingdom
17517.0,United Kingdom
17519.0,United Kingdom
17520.0,United Kingdom
17521.0,United Kingdom
17522.0,United Kingdom
17523.0,United Kingdom
17526.0,United Kingdom
17527.0,United Kingdom
17528.0,United Kingdom
17530.0,United Kingdom
17537.0,United Kingdom
17545.0,United Kingdom
17551.0,United Kingdom
17552.0,United Kingdom
17554.0,United Kingdom
17555.0,United Kingdom
17557.0,United Kingdom
17561.0,United Kingdom
17562.0,United Kingdom
17566.0,United Kingdom
17567.0,United Kingdom
17569.0,United Kingdom
17571.0,United Kingdom
17576.0,United Kingdom
17580.0,United Kingdom
17581.0,United Kingdom
17582.0,United Kingdom
17585.0,United Kingdom
17589.0,United Kingdom
17590.0,United Kingdom
17591.0,United Kingdom
17593.0,United Kingdom
17594.0,United Kingdom
17595.0,United Kingdom
17596.0,United Kingdom
17597.0,United Kingdom
17602.0,United Kingdom
17608.0,United Kingdom
17609.0,United Kingdom
17611.0,United Kingdom
17612.0,United Kingdom
17613.0,United Kingdom
17614.0,United Kingdom
17618.0,United Kingdom
17619.0,United Kingdom
17621.0,United Kingdom
17625.0,United Kingdom
17629.0,United Kingdom
17634.0,United Kingdom
17637.0,United Kingdom
17639.0,United Kingdom
17642.0,United Kingdom
17644.0,United Kingdom
17646.0,United Kingdom
17648.0,United Kingdom
17649.0,United Kingdom
17650.0,United Kingdom
17651.0,United Kingdom
17652.0,United Kingdom
17653.0,United Kingdom
17656.0,United Kingdom
17659.0,United Kingdom
17660.0,United Kingdom
17663.0,United Kingdom
17664.0,United Kingdom
17666.0,United Kingdom
17667.0,United Kingdom
17669.0,United Kingdom
17671.0,United Kingdom
17672.0,United Kingdom
17673.0,United Kingdom
17675.0,United Kingdom
17676.0,United Kingdom
17677.0,United Kingdom
17679.0,United Kingdom
17682.0,United Kingdom
17684.0,United Kingdom
17685.0,United Kingdom
17686.0,United Kingdom
17690.0,United Kingdom
17694.0,United Kingdom
17696.0,United Kingdom
17697.0,United Kingdom
17700.0,United Kingdom
17702.0,United Kingdom
17703.0,United Kingdom
17704.0,United Kingdom
17706.0,United Kingdom
17708.0,United Kingdom
17711.0,United Kingdom
17712.0,United Kingdom
17716.0,United Kingdom
17719.0,United Kingdom
17720.0,United Kingdom
17722.0,United Kingdom
17724.0,United Kingdom
17725.0,United Kingdom
17727.0,United Kingdom
17728.0,United Kingdom
17730.0,United Kingdom
17731.0,United Kingdom
17733.0,United Kingdom
17734.0,United Kingdom
17735.0,United Kingdom
17736.0,United Kingdom
17737.0,United Kingdom
17738.0,United Kingdom
17739.0,United Kingdom
17742.0,United Kingdom
17744.0,United Kingdom
17749.0,United Kingdom
17750.0,United Kingdom
17754.0,United Kingdom
17757.0,United Kingdom
17758.0,United Kingdom
17759.0,United Kingdom
17761.0,United Kingdom
17764.0,United Kingdom
17767.0,United Kingdom
17769.0,United Kingdom
17771.0,United Kingdom
17774.0,United Kingdom
17777.0,United Kingdom
17779.0,United Kingdom
17786.0,United Kingdom
17787.0,United Kingdom
17790.0,United Kingdom
17793.0,United Kingdom
17796.0,United Kingdom
17797.0,United Kingdom
17799.0,United Kingdom
17800.0,United Kingdom
17802.0,United Kingdom
17805.0,United Kingdom
17806.0,United Kingdom
17809.0,United Kingdom
17811.0,United Kingdom
17812.0,United Kingdom
17813.0,United Kingdom
17819.0,United Kingdom
17827.0,United Kingdom
17832.0,United Kingdom
17837.0,United Kingdom
17838.0,United Kingdom
17841.0,United Kingdom
17848.0,United Kingdom
17849.0,United Kingdom
17850.0,United Kingdom
17852.0,United Kingdom
17857.0,United Kingdom
17858.0,United Kingdom
17859.0,United Kingdom
17860.0,United Kingdom
17861.0,United Kingdom
17862.0,United Kingdom
17863.0,United Kingdom
17864.0,United Kingdom
17865.0,United Kingdom
17867.0,United Kingdom
17870.0,United Kingdom
17873.0,United Kingdom
17879.0,United Kingdom
17880.0,United Kingdom
17883.0,United Kingdom
17884.0,United Kingdom
17886.0,United Kingdom
17888.0,United Kingdom
17891.0,United Kingdom
17892.0,United Kingdom
17894.0,United Kingdom
17897.0,United Kingdom
17904.0,United Kingdom
17906.0,United Kingdom
17908.0,United Kingdom
17911.0,United Kingdom
17913.0,United Kingdom
17917.0,United Kingdom
17919.0,United Kingdom
17920.0,United Kingdom
17921.0,United Kingdom
17924.0,United Kingdom
17926.0,United Kingdom
17930.0,United Kingdom
17932.0,United Kingdom
17935.0,United Kingdom
17936.0,United Kingdom
17937.0,United Kingdom
17939.0,United Kingdom
17940.0,United Kingdom
17954.0,United Kingdom
17957.0,United Kingdom
17960.0,United Kingdom
17961.0,United Kingdom
17962.0,United Kingdom
17964.0,United Kingdom
17965.0,United Kingdom
17966.0,United Kingdom
17967.0,United Kingdom
17968.0,United Kingdom
17972.0,United Kingdom
17974.0,United Kingdom
17975.0,United Kingdom
17976.0,United Kingdom
17979.0,United Kingdom
17984.0,United Kingdom
17985.0,United Kingdom
17988.0,United Kingdom
17990.0,United Kingdom
17994.0,United Kingdom
17997.0,United Kingdom
17999.0,United Kingdom
18001.0,United Kingdom
18004.0,United Kingdom
18005.0,United Kingdom
18006.0,United Kingdom
18014.0,United Kingdom
18015.0,United Kingdom
18016.0,United Kingdom
18018.0,United Kingdom
18022.0,United Kingdom
18027.0,United Kingdom
18030.0,United Kingdom
18033.0,United Kingdom
18034.0,United Kingdom
18036.0,United Kingdom
18041.0,United Kingdom
18043.0,United Kingdom
18055.0,United Kingdom
18061.0,United Kingdom
18062.0,United Kingdom
18065.0,United Kingdom
18067.0,United Kingdom
18069.0,United Kingdom
18072.0,United Kingdom
18073.0,United Kingdom
18075.0,United Kingdom
18077.0,United Kingdom
18078.0,United Kingdom
18079.0,United Kingdom
18081.0,United Kingdom
18085.0,United Kingdom
18086.0,United Kingdom
18088.0,United Kingdom
18093.0,United Kingdom
18094.0,United Kingdom
18096.0,United Kingdom
18097.0,United Kingdom
18099.0,United Kingdom
18102.0,United Kingdom
18106.0,United Kingdom
18109.0,United Kingdom
18114.0,United Kingdom
18116.0,United Kingdom
18117.0,United Kingdom
18118.0,United Kingdom
18121.0,United Kingdom
18122.0,United Kingdom
18123.0,United Kingdom
18125.0,United Kingdom
18126.0,United Kingdom
18127.0,United Kingdom
18130.0,United Kingdom
18135.0,United Kingdom
18136.0,United Kingdom
18139.0,United Kingdom
18143.0,United Kingdom
18144.0,United Kingdom
18145.0,United Kingdom
18146.0,United Kingdom
18150.0,United Kingdom
18155.0,United Kingdom
18156.0,United Kingdom
18158.0,United Kingdom
18159.0,United Kingdom
18160.0,United Kingdom
18164.0,United Kingdom
18167.0,United Kingdom
18168.0,United Kingdom
18172.0,United Kingdom
18176.0,United Kingdom
18177.0,United Kingdom
18178.0,United Kingdom
18179.0,United Kingdom
18180.0,United Kingdom
18181.0,United Kingdom
18183.0,United Kingdom
18188.0,United Kingdom
18192.0,United Kingdom
18193.0,United Kingdom
18194.0,United Kingdom
18196.0,United Kingdom
18198.0,United Kingdom
18202.0,United Kingdom
18204.0,United Kingdom
18205.0,United Kingdom
18210.0,United Kingdom
18211.0,United Kingdom
18212.0,United Kingdom
18216.0,United Kingdom
18217.0,United Kingdom
18218.0,United Kingdom
18219.0,United Kingdom
18220.0,United Kingdom
18221.0,United Kingdom
18223.0,United Kingdom
18225.0,United Kingdom
18226.0,United Kingdom
18227.0,United Kingdom
18229.0,United Kingdom
18230.0,United Kingdom
18231.0,United Kingdom
18232.0,United Kingdom
18235.0,United Kingdom
18236.0,United Kingdom
18239.0,United Kingdom
18241.0,United Kingdom
18242.0,United Kingdom
18245.0,United Kingdom
18250.0,United Kingdom
18252.0,United Kingdom
18257.0,United Kingdom
18260.0,United Kingdom
18262.0,United Kingdom
18263.0,United Kingdom
18265.0,United Kingdom
18272.0,United Kingdom
18283.0,United Kingdom
18287.0,United Kingdom
