StockCode,Description
10002,INFLATABLE POLITICAL GLOBE 
10080,GROOVY CACTUS INFLATABLE
10124A,SPOTS ON RED BOOKCOVER TAPE
10133,COLOURING PENCILS BROWN TUBE
10135,COLOURING PENCILS BROWN TUBE
11001,ASSTD DESIGN RACING CAR PEN
15034,PAPER POCKET TRAVELING FAN 
15036,ASSORTED COLOURS SILK FAN
15039,SANDALWOOD FAN
15044A,PINK PAPER PARASOL 
15044D,RED PAPER PARASOL
15056BL,EDWARDIAN PARASOL BLACK
15056N,EDWARDIAN PARASOL NATURAL
15056P,EDWARDIAN PARASOL PINK
15058A,BLUE POLKADOT GARDEN PARASOL
15058B,PINK POLKADOT GARDEN PARASOL
15058C,ICE CREAM DESIGN GARDEN PARASOL
15060B,FAIRY CAKE DESIGN UMBRELLA
16008,SMALL FOLDING SCISSOR(POINTED EDGE)
16011,ANIMAL STICKERS
16012,FOOD/DRINK SPONGE STICKERS
16014,SMALL CHINESE STYLE SCISSOR
16015,MEDIUM CHINESE STYLE SCISSOR
16016,LARGE CHINESE STYLE SCISSOR
16045,POPART WOODEN PENCILS ASST
16048,TEATIME ROUND PENCIL SHARPENER 
16151A,FLOWERS HANDBAG blue and orange
16156S,WRAP PINK FAIRY CAKES 
16161G,WRAP BAD HAIR DAY
16161P,WRAP ENGLISH ROSE 
16161U,WRAP SUKI AND FRIENDS
16168M,FUNKY MONKEY GIFT BAG MEDIUM
16169E,WRAP 50'S  CHRISTMAS
16207A,PINK STRAWBERRY HANDBAG 
16207B,PINK HEART RED HANDBAG
16216,LETTER SHAPE PENCIL SHARPENER
16218,CARTOON  PENCIL SHARPENERS
16219,HOUSE SHAPE PENCIL SHARPENER
16225,RATTLE SNAKE EGGS
16235,RECYCLED PENCIL WITH RABBIT ERASER
16236,KITTY PENCIL ERASERS
16237,SLEEPING CAT ERASERS
16238,PARTY TIME PENCIL ERASERS
17003,BROCADE RING PURSE 
17007B,S/3 POT POURI CUSHIONS BLUE COLOURS
17012A,ORIGAMI VANILLA INCENSE/CANDLE SET 
17012D,ORIGAMI ROSE INCENSE/CANDLE SET 
17012F,ORIGAMI SANDLEWOOD INCENSE/CAND SET
17038,PORCELAIN BUDAH INCENSE HOLDER
17084N,FAIRY DREAMS INCENSE 
17090D,VANILLA INCENSE 40 CONES IN TIN
17091A,LAVENDER INCENSE IN TIN
17165D,ASS COL LARGE SAND FROG P'WEIGHT
18097C,WHITE TALL PORCELAIN T-LIGHT HOLDER
18098C,PORCELAIN BUTTERFLY OIL BURNER
20616,CHERRY BLOSSOM PASSPORT COVER
20617,FIRST CLASS PASSPORT COVER 
20622,VIPPASSPORT COVER 
20652,BLUE POLKADOT LUGGAGE TAG 
20655,QUEEN OF SKIES LUGGAGE TAG
20657,TROPICAL LUGGAGE TAG
20658,RED RETROSPOT LUGGAGE TAG
20665,RED RETROSPOT PURSE 
20668,DISCO BALL CHRISTMAS DECORATION
20669,RED HEART LUGGAGE TAG
20674,GREEN POLKADOT BOWL
20675,BLUE POLKADOT BOWL
20676,RED RETROSPOT BOWL
20677,PINK POLKADOT BOWL
20679,EDWARDIAN PARASOL RED
20681,PINK POLKADOT CHILDRENS UMBRELLA
20682,RED RETROSPOT CHILDRENS UMBRELLA
20685,DOORMAT RED RETROSPOT
20686,DOLLY MIXTURE CHILDREN'S UMBRELLA
20697,LITTLE GREEN MONSTER SOFT TOY
20698,LITTLE PINK MONSTER SOFT TOY
20699,MOUSEY LONG LEGS SOFT TOY
20702,PINK PADDED MOBILE
20704,MR ROBOT SOFT TOY
20711,JUMBO BAG TOYS 
20712,JUMBO BAG WOODLAND ANIMALS
20713,JUMBO BAG OWLS
20716,PARTY FOOD SHOPPER BAG
20717,STRAWBERRY SHOPPER BAG
20718,RED RETROSPOT SHOPPER BAG
20719,WOODLAND CHARLOTTE BAG
20723,STRAWBERRY CHARLOTTE BAG
20724,RED RETROSPOT CHARLOTTE BAG
20725,LUNCH BAG RED RETROSPOT
20726,LUNCH BAG WOODLAND
20727,LUNCH BAG  BLACK SKULL.
20728,LUNCH BAG CARS BLUE
20733,GOLD MINI TAPE MEASURE 
20748,KENSINGTON COFFEE SET
20749,ASSORTED COLOUR MINI CASES
20750,RED RETROSPOT MINI CASES
20751,FUNKY WASHING UP GLOVES ASSORTED
20752,BLUE POLKADOT WASHING UP GLOVES
20754,RETROSPOT RED WASHING UP GLOVES
20756,GREEN FERN POCKET BOOK
20757,RED DAISY POCKET BOOK 
20758,ABSTRACT CIRCLES POCKET BOOK
20760,GARDEN PATH POCKET BOOK
20761,BLUE PAISLEY SKETCHBOOK
20763,DAISY SKETCHBOOK 
20764,ABSTRACT CIRCLES SKETCHBOOK 
20765,CHRYSANTHEMUM SKETCHBOOK 
20766,GARDEN PATH SKETCHBOOK
20767,BLUE PAISLEY JOURNAL 
20768,GREEN FERN JOURNAL 
20771,CHRYSANTHEMUM  JOURNAL
20777,CHRYSANTHEMUM NOTEBOOK
20781,GOLD EAR MUFF HEADPHONES
20801,LARGE PINK GLASS SUNDAE DISH
20802,SMALL GLASS SUNDAE DISH CLEAR
20803,SMALL PINK GLASS SUNDAE DISH
20828,GLITTER BUTTERFLY CLIPS
20829,GLITTER HANGING BUTTERFLY STRING
20839,FRENCH PAISLEY CUSHION COVER 
20840,FRENCH FLORAL CUSHION COVER 
20846,ZINC HEART LATTICE T-LIGHT HOLDER
20847,ZINC HEART LATTICE CHARGER LARGE
20854,BLUE PATCH PURSE PINK HEART
20857,BLUE ROSE PATCH PURSE PINK BUTTERFL
20861,GOLD COSMETIC BAG PINK STAR
20866,BLUE ROSE FABRIC MIRROR
20886,BOX OF 9 PEBBLE CANDLES
20893,HANGING BAUBLE T-LIGHT HOLDER SMALL
20910,VINTAGE PHOTO ALBUM PARIS DAYS
20914,SET/5 RED RETROSPOT LID GLASS BOWLS
20931,BLUE POT PLANT CANDLE 
20933,YELLOW POT PLANT CANDLE
20936,FORKED CACTUS CANDLE
20956,PORCELAIN T-LIGHT HOLDERS ASSORTED
20961,STRAWBERRY BATH SPONGE 
20963,APPLE BATH SPONGE
20967,GREY FLORAL FELTCRAFT SHOULDER BAG
20969,RED FLORAL FELTCRAFT SHOULDER BAG
20970,PINK FLORAL FELTCRAFT SHOULDER BAG
20971,PINK BLUE FELT CRAFT TRINKET BOX
20972,PINK CREAM FELT CRAFT TRINKET BOX 
20973,12 PENCIL SMALL TUBE WOODLAND
20974,12 PENCILS SMALL TUBE SKULL
20975,12 PENCILS SMALL TUBE RED RETROSPOT
20977,36 PENCILS TUBE WOODLAND
20978,36 PENCILS TUBE SKULLS
20979,36 PENCILS TUBE RED RETROSPOT
20981,12 PENCILS TALL TUBE WOODLAND
20983,12 PENCILS TALL TUBE RED RETROSPOT
20984,12 PENCILS TALL TUBE POSY
20985,HEART CALCULATOR
20986,BLUE CALCULATOR RULER
20992,JAZZ HEARTS PURSE NOTEBOOK
20996,JAZZ HEARTS ADDRESS BOOK
21012,ANTIQUE ALL GLASS CANDLESTICK
21014,SWISS CHALET TREE DECORATION 
21015,DARK BIRD HOUSE TREE DECORATION
21025,SPACE FROG
21027,NINJA RABBIT PINK
21030,SPACE CADET RED
21032,SPACE CADET WHITE
21033,JUMBO BAG CHARLIE AND LOLA TOYS
21034,REX CASH+CARRY JUMBO SHOPPER
21035,SET/2 RED RETROSPOT TEA TOWELS 
21039,RED RETROSPOT SHOPPING BAG
21041,RED RETROSPOT OVEN GLOVE DOUBLE
21042,RED RETROSPOT APRON 
21043,APRON MODERN VINTAGE COTTON
21055,TOOL BOX SOFT TOY 
21056,DOCTOR'S BAG SOFT TOY
21058,PARTY INVITES WOODLAND
21060,PARTY INVITES BALLOON GIRL
21061,PARTY INVITES FOOTBALL
21062,PARTY INVITES SPACEMAN
21063,PARTY INVITES JAZZ HEARTS
21064,BOOM BOX SPEAKER BOYS
21065,BOOM BOX SPEAKER GIRLS
21066,VINTAGE RED MUG
21067,VINTAGE RED TEATIME MUG
21068,VINTAGE BILLBOARD LOVE/HATE MUG
21069,VINTAGE BILLBOARD TEA MUG
21071,VINTAGE BILLBOARD DRINK ME MUG
21078,SET/20 STRAWBERRY PAPER NAPKINS 
21080,SET/20 RED RETROSPOT PAPER NAPKINS 
21084,SET/6 COLLAGE PAPER CUPS
21086,SET/6 RED SPOTTY PAPER CUPS
21088,SET/6 FRUIT SALAD PAPER CUPS
21090,SET/6 COLLAGE PAPER PLATES
21094,SET/6 RED SPOTTY PAPER PLATES
21095,SET/6 POSIES PAPER PLATES
21096,SET/6 FRUIT SALAD  PAPER PLATES
21098,CHRISTMAS TOILET ROLL
21106,CREAM SLICE FLANNEL CHOCOLATE SPOT 
21107,CREAM SLICE FLANNEL PINK SPOT 
21108,FAIRY CAKE FLANNEL ASSORTED COLOUR
21109,LARGE CAKE TOWEL CHOCOLATE SPOTS
21111,"SWISS ROLL TOWEL, CHOCOLATE  SPOTS"
21114,LAVENDER SCENTED FABRIC HEART
21115,ROSE CARAVAN DOORSTOP
21116,OWL DOORSTOP
21117,BLOND DOLL DOORSTOP
21121,SET/10 RED POLKADOT PARTY CANDLES
21122,SET/10 PINK POLKADOT PARTY CANDLES
21123,SET/10 IVORY POLKADOT PARTY CANDLES
21124,SET/10 BLUE POLKADOT PARTY CANDLES
21126,SET OF 6 GIRLS CELEBRATION CANDLES
21129,SILVER FISHING GNOME 
21132,SILVER STANDING GNOME   
21135,VICTORIAN  METAL POSTCARD SPRING
21136,PAINTED METAL PEARS ASSORTED
21137,BLACK RECORD COVER FRAME
21154,RED RETROSPOT OVEN GLOVE 
21155,RED RETROSPOT PEG BAG
21156,RETROSPOT CHILDRENS APRON
21158,MOODY GIRL DOOR HANGER 
21159,MOODY BOY  DOOR HANGER 
21161,KEEP OUT BOYS DOOR HANGER 
21162,TOXIC AREA  DOOR HANGER 
21163,DO NOT TOUCH MY STUFF DOOR HANGER 
21164,HOME SWEET HOME METAL SIGN 
21165,BEWARE OF THE CAT METAL SIGN 
21166,COOK WITH WINE METAL SIGN 
21169,YOU'RE CONFUSING ME METAL SIGN 
21171,BATHROOM METAL SIGN 
21172,PARTY METAL SIGN 
21174,POTTERING IN THE SHED METAL SIGN
21175,GIN AND TONIC DIET METAL SIGN
21175,GIN + TONIC DIET METAL SIGN
21179,NO JUNK MAIL METAL SIGN
21181,PLEASE ONE PERSON METAL SIGN
21189,WHITE HONEYCOMB PAPER GARLAND 
21190,PINK HEARTS PAPER GARLAND
21191,LARGE WHITE HONEYCOMB PAPER BELL  
21192,WHITE BELL HONEYCOMB PAPER 
21195,PINK  HONEYCOMB PAPER BALL 
21201,TROPICAL  HONEYCOMB PAPER GARLAND 
21202,DOLLY HONEYCOMB GARLAND
21204,DAISIES  HONEYCOMB GARLAND 
21206,STRAWBERRY HONEYCOMB  GARLAND 
21207,SKULL AND CROSSBONES  GARLAND 
21208,PASTEL COLOUR HONEYCOMB FAN
21209,MULTICOLOUR HONEYCOMB FAN
21210,SET OF 72 RETROSPOT PAPER  DOILIES
21211,SET OF 72 SKULL PAPER  DOILIES
21212,PACK OF 72 RETROSPOT CAKE CASES
21213,PACK OF 72 SKULL CAKE CASES
21215,IVORY PAPER CUP CAKE CASES 
21216,"SET 3 RETROSPOT TEA,COFFEE,SUGAR"
21217,RED RETROSPOT ROUND CAKE TINS
21218,RED SPOTTY BISCUIT TIN
21220,SET/4 BADGES DOGS
21221,SET/4 BADGES CUTE CREATURES
21224,SET/4 SKULL BADGES
21231,SWEETHEART CERAMIC TRINKET BOX
21232,STRAWBERRY CERAMIC TRINKET BOX
21232,STRAWBERRY CERAMIC TRINKET POT
21238,RED RETROSPOT CUP
21239,PINK  POLKADOT CUP
21240,BLUE POLKADOT CUP
21242,RED RETROSPOT PLATE 
21243,PINK  POLKADOT PLATE 
21244,BLUE POLKADOT PLATE 
21245,GREEN POLKADOT PLATE 
21249,WOODLAND  HEIGHT CHART STICKERS 
21257,VICTORIAN SEWING BOX MEDIUM
21258,VICTORIAN SEWING BOX LARGE
21259,VICTORIAN SEWING BOX SMALL 
21260,FIRST AID TIN
21261,GREEN GOOSE FEATHER CHRISTMAS TREE 
21262,WHITE GOOSE FEATHER CHRISTMAS TREE 
21264,WHITE GOOSE FEATHER TREE 60CM 
21269,ANTIQUE CREAM CUTLERY SHELF 
21270,ANTIQUE CREAM CUTLERY CUPBOARD
21272,SALLE DE BAIN HOOK
21277,FRENCH STYLE EMBOSSED HEART CABINET
21284,RETROSPOT CANDLE  SMALL
21285,RETROSPOT CANDLE  MEDIUM
21286,RETROSPOT CANDLE  LARGE
21287,SCENTED VELVET LOUNGE CANDLE 
21288,STRIPEY CHOCOLATE NESTING BOXES
21289,LARGE STRIPES CHOCOLATE GIFT BAG
21291,SMALL POLKADOT CHOCOLATE GIFT BAG 
21292,SMALL STRIPES CHOCOLATE GIFT BAG 
21294,ETCHED GLASS COASTER
21306,SET/4 DAISY MIRROR MAGNETS
21313,GLASS HEART T-LIGHT HOLDER 
21314,SMALL GLASS HEART TRINKET POT
21317,GLASS SPHERE CANDLE STAND MEDIUM
21318,GLASS CHALICE BLUE SMALL 
21326,AGED GLASS SILVER T-LIGHT HOLDER
21327,SKULLS WRITING SET 
21328,BALLOONS  WRITING SET 
21329,DINOSAURS  WRITING SET 
21333,CLASSIC WHITE FRAME
21336,GOLD WASHBAG
21340,CLASSIC METAL BIRDCAGE PLANT HOLDER
21349,IVY HEART WREATH
21352,EUCALYPTUS & PINECONE  WREATH
21354,TOAST ITS - BEST MUM
21355,TOAST ITS - I LOVE YOU 
21358,TOAST ITS - HAPPY BIRTHDAY
21361,LOVE LARGE WOOD LETTERS 
21365,MIRRORED WALL ART STARS
21366,MIRRORED WALL ART PHOTO FRAMES
21367,MIRRORED WALL ART GENTS
21369,MIRRORED WALL ART SPLODGES
21372,MIRRORED WALL ART TABLE LAMP
21373,MIRRORED WALL ART SNOWFLAKES
21380,WOODEN HAPPY BIRTHDAY GARLAND
21381,MINI WOODEN HAPPY BIRTHDAY GARLAND
21382,SET/4 SPRING FLOWER DECORATION
21383,PACK OF 12 STICKY BUNNIES
21385,IVORY HANGING DECORATION  HEART
21386,IVORY HANGING DECORATION  EGG
21389,IVORY HANGING DECORATION  BIRD
21390,FILIGRIS HEART WITH BUTTERFLY
21391,FRENCH LAVENDER SCENT HEART
21394,RED POLKADOT BEAKER 
21395,BLUE POLKADOT BEAKER 
21397,BLUE POLKADOT EGG CUP 
21398,RED POLKADOT COFFEE  MUG
21399,BLUE POLKADOT COFFEE MUG
21402,RED  EGG  SPOON
21403,BLUE EGG  SPOON
21407,BROWN CHECK CAT DOORSTOP 
21408,SPOTTY PINK DUCK DOORSTOP
21411,GINGHAM HEART  DOORSTOP RED
21416,CLAM SHELL LARGE
21422,PORCELAIN ROSE SMALL
21424,WOODLAND STORAGE BOX LARGE 
21425,SKULLS STORAGE BOX LARGE
21428,SET3 BOOK BOX GREEN GINGHAM FLOWER 
21429,RED GINGHAM ROSE JEWELLERY BOX
21430,SET/3 RED GINGHAM ROSE STORAGE BOX
21439,BASKET OF TOADSTOOLS
21441,BLUE BIRDHOUSE DECORATION
21445,12 PINK ROSE PEG PLACE SETTINGS
21446,12 RED ROSE PEG PLACE SETTINGS
21447,12 IVORY ROSE PEG PLACE SETTINGS
21448,12 DAISY PEGS IN WOOD BOX
21452,TOADSTOOL MONEY BOX
21454,PAINTED PINK RABBIT 
21462,"NURSERY A,B,C PAINTED LETTERS"
21463,MIRRORED DISCO BALL 
21464,DISCO BALL ROTATOR BATTERY OPERATED
21465,PINK FLOWER CROCHET FOOD COVER
21466,RED FLOWER CROCHET FOOD COVER
21467,CHERRY CROCHET FOOD COVER
21468,BUTTERFLY CROCHET FOOD COVER
21469,POLKA DOT RAFFIA FOOD COVER
21470,FLOWER VINE RAFFIA FOOD COVER
21471,STRAWBERRY RAFFIA FOOD COVER
21472,LADYBIRD + BEE RAFFIA FOOD COVER
21479,WHITE SKULL HOT WATER BOTTLE 
21481,FAWN BLUE HOT WATER BOTTLE
21484,CHICK GREY HOT WATER BOTTLE
21485,RETROSPOT HEART HOT WATER BOTTLE
21486,PINK HEART DOTS HOT WATER BOTTLE
21494,ROTATING LEAVES T-LIGHT HOLDER
21495,SKULLS AND CROSSBONES WRAP
21497,FANCY FONTS BIRTHDAY WRAP
21498,RED RETROSPOT WRAP 
21499,BLUE POLKADOT WRAP
21500,PINK POLKADOT WRAP 
21503,TOYBOX  WRAP 
21504,SKULLS GREETING CARD
21506,"FANCY FONT BIRTHDAY CARD, "
21507,"ELEPHANT, BIRTHDAY CARD, "
21507,ELEPHANT BIRTHDAY CARD 
21508,VINTAGE KID DOLLY CARD 
21509,COWBOYS AND INDIANS BIRTHDAY CARD 
21518,BANK ACCOUNT  GREETING  CARD 
21519,GIN & TONIC DIET GREETING CARD 
21520,BOOZE & WOMEN GREETING CARD 
21523,DOORMAT FANCY FONT HOME SWEET HOME
21524,DOORMAT SPOTTY HOME SWEET HOME
21527,RED RETROSPOT TRADITIONAL TEAPOT 
21528,DAIRY MAID TRADITIONAL TEAPOT 
21530,DAIRY MAID TOASTRACK
21531,RED RETROSPOT SUGAR JAM BOWL
21533,RETROSPOT LARGE MILK JUG
21534,DAIRY MAID LARGE MILK JUG
21535,RED RETROSPOT SMALL MILK JUG
21537,RED RETROSPOT PUDDING BOWL
21539,RED RETROSPOT BUTTER DISH
21544,SKULLS  WATER TRANSFER TATTOOS 
21555,CERAMIC STRAWBERRY TRINKET TRAY
21557,SET OF 6 FUNKY BEAKERS
21558,SKULL LUNCH BOX WITH CUTLERY 
21559,STRAWBERRY LUNCH BOX WITH CUTLERY
21561,DINOSAUR LUNCH BOX WITH CUTLERY
21563,RED HEART SHAPE LOVE BUCKET 
21576,LETS GO SHOPPING COTTON TOTE BAG
21577,SAVE THE PLANET COTTON TOTE BAG
21578,WOODLAND DESIGN  COTTON TOTE BAG
21579,LOLITA  DESIGN  COTTON TOTE BAG
21581,SKULLS  DESIGN  COTTON TOTE BAG
21586,KINGS CHOICE GIANT TUBE MATCHES
21588,RETROSPOT GIANT TUBE MATCHES
21591,COSY HOUR CIGAR BOX MATCHES 
21592,RETROSPOT CIGAR BOX MATCHES 
21609,SET 12 LAVENDER  BOTANICAL T-LIGHTS
21613,S/12 VANILLA  BOTANICAL T-LIGHTS
21615,4 LAVENDER BOTANICAL DINNER CANDLES
21616,4 PEAR BOTANICAL DINNER CANDLES
21617,4 LILY  BOTANICAL DINNER CANDLES
21618,4 WILDFLOWER BOTANICAL CANDLES
21619,4 VANILLA BOTANICAL CANDLES
21620,SET OF 4 ROSE BOTANICAL CANDLES
21621,VINTAGE UNION JACK BUNTING
21622,VINTAGE UNION JACK CUSHION COVER
21623,VINTAGE UNION JACK MEMOBOARD
21624,VINTAGE UNION JACK DOORSTOP
21625,VINTAGE UNION JACK APRON
21626,VINTAGE UNION JACK PENNANT
21627,ELEPHANT CARNIVAL POUFFE
21630,FLOOR CUSHION ELEPHANT CARNIVAL
21636,MADRAS NOTEBOOK MEDIUM
21641,ASSORTED TUTTI FRUTTI KEYRING BALL
21642,ASSORTED TUTTI FRUTTI PEN
21643,ASSORTED TUTTI FRUTTI MIRROR
21647,ASSORTED TUTTI FRUTTI LARGE PURSE
21648,ASSORTED TUTTI FRUTTI SMALL PURSE
21650,ASSORTED TUTTI FRUTTI BRACELET
21654,RIDGED GLASS FINGER BOWL
21658,GLASS  BEURRE DISH
21668,RED STRIPE CERAMIC DRAWER KNOB
21669,BLUE STRIPE CERAMIC DRAWER KNOB
21670,BLUE SPOT CERAMIC DRAWER KNOB
21671,RED SPOT CERAMIC DRAWER KNOB
21672,WHITE SPOT RED CERAMIC DRAWER KNOB
21673,WHITE SPOT BLUE CERAMIC DRAWER KNOB
21675,BUTTERFLIES STICKERS
21677,HEARTS  STICKERS
21679,SKULLS  STICKERS
21680,WOODLAND  STICKERS
21683,MEDIUM MEDINA STAMPED METAL BOWL 
21684,SMALL MEDINA STAMPED METAL BOWL 
21689,SILVER VANILLA  FLOWER CANDLE POT
21690,SILVER  CANDLEPOT JARDIN 
21692,SILVER LATTICE VANILLA CANDLE POT
21693,SMALL HAMMERED SILVER CANDLEPOT 
21694,SMALL REGAL  SILVER CANDLEPOT 
21695,SMALL SILVER FLOWER CANDLE POT
21696,SMALL SILVER TRELLIS CANDLEPOT
21700,BIG DOUGHNUT FRIDGE MAGNETS
21703,BAG 125g SWIRLY MARBLES
21704,BAG 250g SWIRLY MARBLES
21705,BAG 500g SWIRLY MARBLES
21706,FOLDING UMBRELLA RED/WHITE POLKADOT
21707,FOLDING UMBRELLA BLACKBLUE POLKADOT
21708,FOLDING UMBRELLA CREAM POLKADOT
21713,CITRONELLA CANDLE FLOWERPOT
21714,CITRONELLA CANDLE GARDEN POT
21715,GIRLS VINTAGE TIN SEASIDE BUCKET
21716,BOYS VINTAGE TIN SEASIDE BUCKET
21718,RED METAL BEACH SPADE 
21719,LOVELY BONBON STICKER SHEET
21722,SWEET PUDDING STICKER SHEET
21723,ALPHABET HEARTS STICKER SHEET
21724,PANDA AND BUNNIES STICKER SHEET
21725,SWEETIES  STICKERS
21730,GLASS STAR FROSTED T-LIGHT HOLDER
21731,RED TOADSTOOL LED NIGHT LIGHT
21733,RED HANGING HEART T-LIGHT HOLDER
21735,TWO DOOR CURIO CABINET
21738,COSY SLIPPER SHOES SMALL  RED 
21739,COSY SLIPPER SHOES SMALL GREEN
21741,COSY SLIPPER SHOES LARGE GREEN
21742,LARGE ROUND WICKER PLATTER 
21743,STAR PORTABLE TABLE LIGHT 
21744,SNOWFLAKE PORTABLE TABLE LIGHT 
21745,GAOLERS KEYS DECORATIVE GARDEN 
21746,SMALL RED RETROSPOT WINDMILL
21747,SMALL SKULL WINDMILL
21749,LARGE RED RETROSPOT WINDMILL
21750,LARGE SKULL WINDMILL
21754,HOME BUILDING BLOCK WORD
21755,LOVE BUILDING BLOCK WORD
21756,BATH BUILDING BLOCK WORD
21761,WOOD AND GLASS MEDICINE CABINET
21770,OPEN CLOSED METAL SIGN
21773,DECORATIVE ROSE BATHROOM BOTTLE
21775,DECORATIVE FLORE BATHROOM BOTTLE
21781,MA CAMPAGNE CUTLERY BOX
21786,POLKADOT RAIN HAT 
21787,RAIN PONCHO RETROSPOT
21788,KIDS RAIN MAC BLUE
21789,KIDS RAIN MAC PINK
21790,VINTAGE SNAP CARDS
21791,VINTAGE HEADS AND TAILS CARD GAME 
21792,CLASSIC FRENCH STYLE BASKET GREEN 
21793,CLASSIC FRENCH STYLE BASKET BROWN
21794,CLASSIC FRENCH STYLE BASKET NATURAL
21802,CHRISTMAS TREE HEART DECORATION
21803,CHRISTMAS TREE STAR DECORATION
21804,WHITE CHRISTMAS GARLAND STARS TREES
21807,WHITE CHRISTMAS STAR DECORATION
21808,"CHRISTMAS GARLAND STARS,TREES"
21810,CHRISTMAS HANGING STAR WITH BELL
21811,HANGING HEART WITH BELL
21812,GARLAND WITH HEARTS AND BELLS
21813,GARLAND WITH STARS AND BELLS
21815,STAR  T-LIGHT HOLDER 
21817,GLITTER CHRISTMAS TREE
21818,GLITTER CHRISTMAS HEART 
21818,GLITTER HEART DECORATION
21819,GLITTER CHRISTMAS STAR 
21823,PAINTED METAL HEART WITH HOLLY BELL
21824,PAINTED METAL STAR WITH HOLLY BELLS
21829,DINOSAUR KEYRINGS ASSORTED
21830,ASSORTED CREEPY CRAWLIES
21832,CHOCOLATE CALCULATOR
21833,CAMOUFLAGE LED TORCH
21841,BABY MOUSE RED GINGHAM DRESS
21843,RED RETROSPOT CAKE STAND
21844,RED RETROSPOT MUG
21845,DAIRY MAID STRIPE MUG
21847,GREEN  DIAMANTE PEN IN GIFT BOX
21864,UNION JACK FLAG PASSPORT COVER 
21865,PINK UNION JACK  PASSPORT COVER 
21866,UNION JACK FLAG LUGGAGE TAG
21867,PINK UNION JACK  LUGGAGE TAG
21868,POTTING SHED TEA MUG
21870,I CAN ONLY PLEASE ONE PERSON MUG
21871,SAVE THE PLANET MUG
21872,GLAMOROUS  MUG
21873,IF YOU CAN'T STAND THE HEAT MUG
21874,GIN AND TONIC MUG
21875,KINGS CHOICE MUG
21876,POTTERING MUG
21877,HOME SWEET HOME MUG
21878,PACK OF 6 SANDCASTLE FLAGS ASSORTED
21879,HEARTS GIFT TAPE
21880,RED RETROSPOT TAPE
21883,STARS GIFT TAPE 
21884,CAKES AND BOWS GIFT  TAPE
21888,BINGO SET
21889,WOODEN BOX OF DOMINOES
21890,S/6 WOODEN SKITTLES IN COTTON BAG
21891,TRADITIONAL WOODEN SKIPPING ROPE
21892,TRADITIONAL WOODEN CATCH CUP GAME 
21894,POTTING SHED SEED ENVELOPES
21896,POTTING SHED TWINE
21897,POTTING SHED CANDLE CITRONELLA
21899,GARAGE KEY FOB
21899,"KEY FOB , GARAGE DESIGN"
21900,"KEY FOB , SHED"
21901,"KEY FOB , BACK DOOR "
21902,"KEY FOB , FRONT  DOOR "
21903,MAN FLU METAL SIGN
21906,PHARMACIE FIRST AID TIN
21907,I'M ON HOLIDAY METAL SIGN
21908,CHOCOLATE THIS WAY METAL SIGN
21912,VINTAGE SNAKES & LADDERS
21913,VINTAGE SEASIDE JIGSAW PUZZLES
21914,BLUE HARMONICA IN BOX 
21915,RED  HARMONICA IN BOX 
21916,SET 12 RETRO WHITE CHALK STICKS
21917,SET 12 KIDS  WHITE CHALK STICKS
21918,SET 12 KIDS COLOUR  CHALK STICKS
21922,UNION STRIPE WITH FRINGE  HAMMOCK
21925,UNION STRIPE CUSHION COVER 
21926,RED/CREAM STRIPE CUSHION COVER 
21927,BLUE/CREAM STRIPE CUSHION COVER 
21928,JUMBO BAG SCANDINAVIAN PAISLEY
21928,JUMBO BAG SCANDINAVIAN BLUE PAISLEY
21929,JUMBO BAG PINK VINTAGE PAISLEY
21930,JUMBO STORAGE BAG SKULLS
21931,JUMBO STORAGE BAG SUKI
21932,SCANDINAVIAN PAISLEY PICNIC BAG
21933,PINK VINTAGE PAISLEY PICNIC BAG
21934,SKULL SHOULDER BAG
21935,SUKI  SHOULDER BAG
21936,RED RETROSPOT PICNIC BAG
21937,STRAWBERRY   PICNIC BAG
21945,STRAWBERRIES  DESIGN FLANNEL 
21947,SET OF 6 HEART CHOPSTICKS
21948,SET OF 6 CAKE CHOPSTICKS
21949,SET OF 6 STRAWBERRY CHOPSTICKS
21955,DOORMAT UNION JACK GUNS AND ROSES
21967,PACK OF 12 SKULL TISSUES
21972,SET OF 36 DINOSAUR PAPER DOILIES
21973,SET OF 36 MUSHROOM PAPER DOILIES
21974,SET OF 36 PAISLEY FLOWER DOILIES
21975,PACK OF 60 DINOSAUR CAKE CASES
21976,PACK OF 60 MUSHROOM CAKE CASES
21977,PACK OF 60 PINK PAISLEY CAKE CASES
21980,PACK OF 12 RED RETROSPOT TISSUES 
21981,PACK OF 12 WOODLAND TISSUES 
21982,PACK OF 12 SUKI TISSUES 
21983,PACK OF 12 BLUE PAISLEY TISSUES 
21984,PACK OF 12 PINK PAISLEY TISSUES 
21985,PACK OF 12 HEARTS DESIGN TISSUES 
21986,PACK OF 12 PINK POLKADOT TISSUES
21987,PACK OF 6 SKULL PAPER CUPS
21988,PACK OF 6 SKULL PAPER PLATES
21989,PACK OF 20 SKULL PAPER NAPKINS
21990,MODERN FLORAL STATIONERY SET
21991,BOHEMIAN COLLAGE STATIONERY SET
21992,VINTAGE PAISLEY STATIONERY SET
21993,FLORAL FOLK STATIONERY SET
22023,EMPIRE BIRTHDAY CARD
22024,RAINY LADIES BIRTHDAY CARD
22025,RING OF ROSES BIRTHDAY CARD
22026,BANQUET BIRTHDAY  CARD  
22027,TEA PARTY BIRTHDAY CARD
22028,PENNY FARTHING BIRTHDAY CARD
22029,SPACEBOY BIRTHDAY CARD
22030,SWALLOWS GREETING CARD
22032,BOTANICAL LILY GREETING CARD
22034,ROBIN CHRISTMAS CARD
22035,VINTAGE CARAVAN GREETING CARD 
22037,ROBOT BIRTHDAY CARD
22038,BOTANICAL LAVENDER GIFT WRAP 
22041,"RECORD FRAME 7"" SINGLE SIZE "
22043,CHRISTMAS CARD SCREEN PRINT 
22045,SPACEBOY GIFT WRAP
22046,TEA PARTY  WRAPPING PAPER 
22047,EMPIRE GIFT WRAP
22048,BIRTHDAY BANQUET GIFT WRAP
22049,WRAP CHRISTMAS SCREEN PRINT
22051,BLUE SCANDINAVIAN PAISLEY WRAP
22052,VINTAGE CARAVAN GIFT WRAP
22053,EMPIRE DESIGN ROSETTE
22055,MINI CAKE STAND  HANGING STRAWBERY
22057,CERAMIC PLATE STRAWBERRY DESIGN
22059,CERAMIC STRAWBERRY DESIGN MUG
22060,LARGE CAKE STAND HANGING HEARTS
22061,LARGE CAKE STAND  HANGING STRAWBERY
22062,CERAMIC BOWL WITH LOVE HEART DESIGN
22063,CERAMIC BOWL WITH STRAWBERRY DESIGN
22064,PINK DOUGHNUT TRINKET POT 
22065,CHRISTMAS PUDDING TRINKET POT 
22066,LOVE HEART TRINKET POT
22067,CHOC TRUFFLE GOLD TRINKET POT 
22068,BLACK PIRATE TREASURE CHEST
22069,BROWN  PIRATE TREASURE CHEST 
22070,SMALL RED RETROSPOT MUG IN BOX 
22071,SMALL WHITE RETROSPOT MUG IN BOX 
22072,RED RETROSPOT TEA CUP AND SAUCER 
22073,RED RETROSPOT STORAGE JAR
22074,6 RIBBONS SHIMMERING PINKS 
22075,6 RIBBONS ELEGANT CHRISTMAS 
22076,6 RIBBONS EMPIRE  
22077,6 RIBBONS RUSTIC CHARM
22078,RIBBON REEL LACE DESIGN 
22079,RIBBON REEL HEARTS DESIGN 
22080,RIBBON REEL POLKADOTS 
22081,RIBBON REEL FLORA + FAUNA 
22082,RIBBON REEL STRIPES DESIGN 
22083,PAPER CHAIN KIT RETROSPOT
22084,PAPER CHAIN KIT EMPIRE
22085,PAPER CHAIN KIT SKULLS 
22086,PAPER CHAIN KIT 50'S CHRISTMAS 
22087,PAPER BUNTING WHITE LACE
22088,PAPER BUNTING COLOURED LACE
22089,PAPER BUNTING VINTAGE PAISLEY
22090,PAPER BUNTING RETROSPOT
22091,EMPIRE TISSUE BOX
22092,BLUE PAISLEY TISSUE BOX
22093,MOTORING TISSUE BOX
22094,RED RETROSPOT TISSUE BOX
22095,LADS ONLY TISSUE BOX
22096,PINK PAISLEY SQUARE TISSUE BOX 
22097,SWALLOW SQUARE TISSUE BOX
22098,BOUDOIR SQUARE TISSUE BOX
22099,CARAVAN SQUARE TISSUE BOX
22100,SKULLS SQUARE TISSUE BOX
22102,MIRROR MOSAIC T-LIGHT HOLDER 
22103,MIRROR MOSAIC T-LIGHT HOLDER ROUND
22105,MIRROR MOSAIC GOBLET CANDLE HOLDER
22107,PIZZA PLATE IN BOX
22109,FULL ENGLISH BREAKFAST PLATE
22110,BIRD HOUSE HOT WATER BOTTLE
22111,SCOTTIE DOG HOT WATER BOTTLE
22112,CHOCOLATE HOT WATER BOTTLE
22113,GREY HEART HOT WATER BOTTLE
22114,HOT WATER BOTTLE TEA AND SYMPATHY
22115,METAL SIGN EMPIRE TEA
22116,METAL SIGN HIS DINNER IS SERVED
22118,JOY WOODEN BLOCK LETTERS
22119,PEACE WOODEN BLOCK LETTERS
22120,WELCOME  WOODEN BLOCK LETTERS
22121,NOEL WOODEN BLOCK LETTERS 
22123,PING MICROWAVE APRON
22124,SET OF 2 TEA TOWELS PING MICROWAVE
22125,UNION JACK HOT WATER BOTTLE 
22128,PARTY CONES CANDY ASSORTED
22129,PARTY CONES CANDY TREE DECORATION
22130,PARTY CONE CHRISTMAS DECORATION 
22131,FOOD CONTAINER SET 3 LOVE HEART 
22132,RED LOVE HEART SHAPE CUP
22133,PINK LOVE HEART SHAPE CUP
22134,MINI LADLE LOVE HEART RED 
22136,LOVE HEART SOCK HANGER
22138,BAKING SET 9 PIECE RETROSPOT 
22139,RETROSPOT TEA SET CERAMIC 11 PC 
22141,CHRISTMAS CRAFT TREE TOP ANGEL
22142,CHRISTMAS CRAFT WHITE FAIRY 
22144,CHRISTMAS CRAFT LITTLE FRIENDS
22145,CHRISTMAS CRAFT HEART STOCKING 
22147,FELTCRAFT BUTTERFLY HEARTS
22148,EASTER CRAFT 4 CHICKS 
22149,FELTCRAFT 6 FLOWER FRIENDS
22150,3 STRIPEY MICE FELTCRAFT
22151,PLACE SETTING WHITE HEART
22152,PLACE SETTING WHITE STAR
22153,ANGEL DECORATION STARS ON DRESS
22154,ANGEL DECORATION 3 BUTTONS 
22155,STAR DECORATION RUSTIC
22156,HEART DECORATION WITH PEARLS 
22157,ANGEL DECORATION WITH LACE PADDED
22158,3 HEARTS HANGING DECORATION RUSTIC
22161,HEART DECORATION RUSTIC HANGING 
22163,HEART STRING MEMO HOLDER HANGING
22164,STRING OF STARS CARD HOLDER
22165,"DIAMANTE HEART SHAPED WALL MIRROR, "
22167, OVAL WALL MIRROR DIAMANTE 
22168,ORGANISER WOOD ANTIQUE WHITE 
22169,FAMILY ALBUM WHITE PICTURE FRAME
22170,PICTURE FRAME WOOD TRIPLE PORTRAIT
22171,3 HOOK PHOTO SHELF ANTIQUE WHITE
22173,METAL 4 HOOK HANGER FRENCH CHATEAU
22174,PHOTO CUBE
22175,PINK OWL SOFT TOY
22176,BLUE OWL SOFT TOY
22178,VICTORIAN GLASS HANGING T-LIGHT
22179,SET 10 LIGHTS NIGHT OWL
22179,SET 10 NIGHT OWL LIGHTS
22180,RETROSPOT LAMP
22181,SNOWSTORM PHOTO FRAME FRIDGE MAGNET
22184,CAKE STAND VICTORIAN FILIGREE LARGE
22185,SLATE TILE NATURAL HANGING
22186,RED STAR CARD HOLDER
22187,GREEN CHRISTMAS TREE CARD HOLDER
22188,BLACK HEART CARD HOLDER
22189,CREAM HEART CARD HOLDER
22190,LOCAL CAFE MUG
22191,IVORY DINER WALL CLOCK
22192,BLUE DINER WALL CLOCK
22193,RED DINER WALL CLOCK
22195,LARGE HEART MEASURING SPOONS
22196,SMALL HEART MEASURING SPOONS
22197,SMALL POPCORN HOLDER
22197,POPCORN HOLDER
22198,LARGE POPCORN HOLDER 
22199,FRYING PAN RED RETROSPOT
22200,FRYING PAN PINK POLKADOT
22201,FRYING PAN BLUE POLKADOT
22202,MILK PAN PINK POLKADOT
22203,MILK PAN RED RETROSPOT
22204,MILK PAN BLUE POLKADOT
22208,WOOD STAMP SET THANK YOU
22209,WOOD STAMP SET HAPPY BIRTHDAY
22210,WOOD STAMP SET BEST WISHES
22211,WOOD STAMP SET FLOWERS
22212,FOUR HOOK  WHITE LOVEBIRDS
22215,CAKE STAND WHITE TWO TIER LACE
22216,T-LIGHT HOLDER WHITE LACE
22217,T-LIGHT HOLDER HANGING LACE
22219,LOVEBIRD HANGING DECORATION WHITE 
22220,CAKE STAND LOVEBIRD 2 TIER WHITE
22221,CAKE STAND LOVEBIRD 2 TIER PINK
22222,CAKE PLATE LOVEBIRD WHITE
22224,WHITE LOVEBIRD LANTERN
22227,HANGING HEART MIRROR DECORATION 
22228,BUNNY WOODEN PAINTED WITH BIRD 
22229,BUNNY WOODEN PAINTED WITH FLOWER 
22231,JIGSAW TREE WITH BIRDHOUSE
22233,JIGSAW RABBIT AND BIRDHOUSE
22236,CAKE STAND 3 TIER MAGIC GARDEN
22241,GARLAND WOODEN HAPPY EASTER
22242,5 HOOK HANGER MAGIC TOADSTOOL
22243,5 HOOK HANGER RED MAGIC TOADSTOOL
22245,"HOOK, 1 HANGER ,MAGIC GARDEN"
22246,MAGIC GARDEN FELT GARLAND 
22247,BUNNY DECORATION MAGIC GARDEN
22248,DECORATION  PINK CHICK MAGIC GARDEN
22249,DECORATION WHITE CHICK MAGIC GARDEN
22251,BIRDHOUSE DECORATION MAGIC GARDEN
22252,BIRDCAGE DECORATION TEALIGHT HOLDER
22254,FELT TOADSTOOL LARGE
22255,FELT TOADSTOOL  SMALL
22256,FELT FARM ANIMAL CHICKEN
22258,FELT FARM ANIMAL RABBIT
22261,FELT EGG COSY WHITE RABBIT 
22262,FELT EGG COSY CHICKEN
22266,EASTER DECORATION HANGING BUNNY
22267,EASTER DECORATION EGG BUNNY 
22268,EASTER DECORATION SITTING BUNNY
22268,DECORATION SITTING BUNNY
22269,EGG CUP NATURAL CHICKEN
22270,HAPPY EASTER HANGING DECORATION
22271,FELTCRAFT DOLL ROSIE
22272,FELTCRAFT DOLL MARIA
22273,FELTCRAFT DOLL MOLLY
22274,FELTCRAFT DOLL EMILY
22276,WASH BAG VINTAGE ROSE PAISLEY
22277,COSMETIC BAG VINTAGE ROSE PAISLEY
22278,OVERNIGHT BAG VINTAGE ROSE PAISLEY
22279,POCKET BAG BLUE PAISLEY RED SPOT
22280,POCKET BAG PINK PAISELY BROWN SPOT
22281,EASTER TREE YELLOW BIRDS
22282,12 EGG HOUSE PAINTED WOOD
22283,6 EGG HOUSE PAINTED WOOD
22284,HEN HOUSE DECORATION
22286,"DECORATION , WOBBLY RABBIT , METAL "
22287,"DECORATION , WOBBLY CHICKEN, METAL "
22289,HANGING METAL CHICKEN DECORATION
22291,HANGING CHICK CREAM DECORATION
22292,HANGING CHICK  YELLOW DECORATION
22293,HANGING CHICK GREEN DECORATION
22294,HEART FILIGREE DOVE  SMALL
22295,HEART FILIGREE DOVE LARGE
22296,HEART IVORY TRELLIS LARGE
22297,HEART IVORY TRELLIS SMALL
22299,PIG KEYRING WITH LIGHT & SOUND 
22300,COFFEE MUG DOG + BALL DESIGN
22301,COFFEE MUG CAT + BIRD DESIGN
22302,COFFEE MUG PEARS  DESIGN
22303,COFFEE MUG APPLES DESIGN
22304,COFFEE MUG BLUE PAISLEY DESIGN
22306,SILVER MUG BONE CHINA TREE OF LIFE
22309,TEA COSY RED  STRIPE
22310,IVORY KNITTED MUG COSY 
22311,OFFICE MUG WARMER BLACK+SILVER 
22312,OFFICE MUG WARMER POLKADOT
22313,OFFICE MUG WARMER PINK
22314,OFFICE MUG WARMER CHOC+BLUE
22315,200 RED + WHITE BENDY STRAWS
22316,200 BENDY SKULL STRAWS
22317,FIVE CATS HANGING DECORATION
22318,FIVE HEART HANGING DECORATION
22319,HAIRCLIPS FORTIES FABRIC ASSORTED
22321,BIRD DECORATION RED RETROSPOT
22326,ROUND SNACK BOXES SET OF4 WOODLAND 
22327,ROUND SNACK BOXES SET OF 4 SKULLS
22328,ROUND SNACK BOXES SET OF 4 FRUITS 
22329,ROUND CONTAINER SET OF 5 RETROSPOT
22331,WOODLAND PARTY BAG + STICKER SET
22332,SKULLS PARTY BAG + STICKER SET
22333,RETROSPOT PARTY BAG + STICKER SET
22334,DINOSAUR PARTY BAG + STICKER SET
22335,HEART DECORATION PAINTED ZINC 
22336,DOVE DECORATION PAINTED ZINC 
22338,STAR DECORATION PAINTED ZINC 
22339,CHRISTMAS TREE PAINTED ZINC 
22340,NOEL GARLAND PAINTED ZINC 
22341,LOVE GARLAND PAINTED ZINC 
22343,PARTY PIZZA DISH RED RETROSPOT
22344,PARTY PIZZA DISH PINK POLKADOT
22345,PARTY PIZZA DISH BLUE POLKADOT
22348,TEA BAG PLATE RED RETROSPOT
22350,ILLUSTRATED CAT BOWL 
22352,LUNCH BOX WITH CUTLERY RETROSPOT 
22353,LUNCH BOX WITH CUTLERY FAIRY CAKES 
22355,CHARLOTTE BAG SUKI DESIGN
22356,CHARLOTTE BAG PINK POLKADOT
22357,KINGS CHOICE BISCUIT TIN
22358,KINGS CHOICE TEA CADDY 
22359,GLASS JAR KINGS CHOICE
22360,GLASS JAR ENGLISH CONFECTIONERY
22361,GLASS JAR DAISY FRESH COTTON WOOL
22362,GLASS JAR PEACOCK BATH SALTS
22363,GLASS JAR MARMALADE 
22364,GLASS JAR DIGESTIVE BISCUITS
22365,DOORMAT RESPECTABLE HOUSE
22366,DOORMAT AIRMAIL 
22367,CHILDRENS APRON SPACEBOY DESIGN
22371,AIRLINE BAG VINTAGE TOKYO 78
22374,AIRLINE BAG VINTAGE JET SET RED
22375,AIRLINE BAG VINTAGE JET SET BROWN
22376,AIRLINE BAG VINTAGE JET SET WHITE
22377,BOTTLE BAG RETROSPOT 
22378,WALL TIDY RETROSPOT 
22379,RECYCLING BAG RETROSPOT 
22380,TOY TIDY SPACEBOY  
22381,TOY TIDY PINK POLKADOT
22382,LUNCH BAG SPACEBOY DESIGN 
22383,LUNCH BAG SUKI DESIGN 
22384,LUNCH BAG PINK POLKADOT
22385,JUMBO BAG SPACEBOY DESIGN
22386,JUMBO BAG PINK POLKADOT
22389,PAPERWEIGHT SAVE THE PLANET
22393,PAPERWEIGHT VINTAGE COLLAGE
22396,MAGNETS PACK OF 4 RETRO PHOTO
22398,MAGNETS PACK OF 4 SWALLOWS
22399,MAGNETS PACK OF 4 CHILDHOOD MEMORY
22400,MAGNETS PACK OF 4 HOME SWEET HOME
22402,MAGNETS PACK OF 4 VINTAGE COLLAGE
22403,MAGNETS PACK OF 4 VINTAGE LABELS 
22406,MONEY BOX KINGS CHOICE DESIGN
22410,MONEY BOX HOUSEKEEPING DESIGN
22411,JUMBO SHOPPER VINTAGE RED PAISLEY
22412,METAL SIGN NEIGHBOURHOOD WITCH 
22413,METAL SIGN TAKE IT OR LEAVE IT 
22414,DOORMAT NEIGHBOURHOOD WITCH 
22416,SET OF 36 DOILIES SPACEBOY DESIGN 
22417,PACK OF 60 SPACEBOY CAKE CASES
22418,10 COLOUR SPACEBOY PEN
22419,LIPSTICK PEN RED
22420,LIPSTICK PEN BABY PINK
22421,LIPSTICK PEN FUSCHIA
22422,TOOTHPASTE TUBE PEN
22423,REGENCY CAKESTAND 3 TIER
22424,ENAMEL BREAD BIN CREAM
22425,ENAMEL COLANDER CREAM
22426,ENAMEL WASH BOWL CREAM
22427,ENAMEL FLOWER JUG CREAM
22428,ENAMEL FIRE BUCKET CREAM
22429,ENAMEL MEASURING JUG CREAM
22430,ENAMEL WATERING CAN CREAM
22431,WATERING CAN BLUE ELEPHANT
22432,WATERING CAN PINK BUNNY
22433,WATERING CAN GREEN DINOSAUR
22434,BALLOON PUMP WITH 10 BALLOONS
22435,SET OF 9 HEART SHAPED BALLOONS
22436,12 COLOURED PARTY BALLOONS
22437,SET OF 9 BLACK SKULL BALLOONS
22438,BALLOON ART MAKE YOUR OWN FLOWERS
22439,6 ROCKET BALLOONS 
22440,BALLOON WATER BOMB PACK OF 35
22441,GROW YOUR OWN BASIL IN ENAMEL MUG
22442,GROW YOUR OWN FLOWERS SET OF 3
22443,GROW YOUR OWN HERBS SET OF 3
22444,GROW YOUR OWN PLANT IN A CAN 
22445,PENCIL CASE LIFE IS BEAUTIFUL
22449,SILK PURSE BABUSHKA PINK
22450,SILK PURSE BABUSHKA BLUE
22451,SILK PURSE BABUSHKA RED
22452,MEASURING TAPE BABUSHKA PINK
22454,MEASURING TAPE BABUSHKA RED
22456,NATURAL SLATE CHALKBOARD LARGE 
22457,NATURAL SLATE HEART CHALKBOARD 
22458,CAST IRON HOOK GARDEN FORK
22460,EMBOSSED GLASS TEALIGHT HOLDER
22464,HANGING METAL HEART LANTERN
22465,HANGING METAL STAR LANTERN
22466,FAIRY TALE COTTAGE NIGHTLIGHT
22466,FAIRY TALE COTTAGE NIGHT LIGHT
22467,GUMBALL COAT RACK
22468,BABUSHKA LIGHTS STRING OF 10
22469,HEART OF WICKER SMALL
22470,HEART OF WICKER LARGE
22471,TV DINNER TRAY AIR HOSTESS 
22472,TV DINNER TRAY DOLLY GIRL
22473,TV DINNER TRAY VINTAGE PAISLEY
22474,SPACEBOY TV DINNER TRAY
22475,SKULL DESIGN TV DINNER TRAY
22476,EMPIRE UNION JACK TV DINNER TRAY
22477,WATERING CAN GARDEN MARKER
22478,BIRDHOUSE GARDEN MARKER 
22479,DAISY GARDEN MARKER
22481,BLACK TEA TOWEL CLASSIC DESIGN
22482,BLUE TEA TOWEL CLASSIC DESIGN
22483,RED GINGHAM TEDDY BEAR 
22485,SET OF 2 WOODEN MARKET CRATES
22487,WHITE WOOD GARDEN PLANT LADDER
22488,NATURAL SLATE RECTANGLE CHALKBOARD
22489,PACK OF 12 TRADITIONAL CRAYONS
22491,PACK OF 12 COLOURED PENCILS
22492,MINI PAINT SET VINTAGE 
22493,PAINT YOUR OWN CANVAS SET
22494,EMERGENCY FIRST AID TIN 
22495,SET OF 2 ROUND TINS CAMEMBERT 
22496,SET OF 2 ROUND TINS DUTCH CHEESE
22497,SET OF 2 TINS VINTAGE BATHROOM 
22499,WOODEN UNION JACK BUNTING
22501,PICNIC BASKET WICKER LARGE
22502,PICNIC BASKET WICKER SMALL
22504,CABIN BAG VINTAGE RETROSPOT
22505,MEMO BOARD COTTAGE DESIGN
22507,MEMO BOARD RETROSPOT  DESIGN
22508,DOORSTOP RETROSPOT HEART
22509,SEWING BOX RETROSPOT DESIGN 
22512,DOORSTOP RACING CAR DESIGN
22513,DOORSTOP FOOTBALL DESIGN
22514,CHILDS GARDEN SPADE BLUE
22515,CHILDS GARDEN SPADE PINK
22516,CHILDS GARDEN RAKE BLUE
22517,CHILDS GARDEN RAKE PINK
22518,CHILDS GARDEN BRUSH BLUE
22519,CHILDS GARDEN BRUSH PINK
22520,CHILDS GARDEN TROWEL BLUE 
22521,CHILDS GARDEN TROWEL PINK
22522,CHILDS GARDEN FORK BLUE 
22523,CHILDS GARDEN FORK PINK
22525,CHILDRENS GARDEN GLOVES PINK
22526,WHEELBARROW FOR CHILDREN 
22529,MAGIC DRAWING SLATE GO TO THE FAIR 
22530,MAGIC DRAWING SLATE DOLLY GIRL 
22531,MAGIC DRAWING SLATE CIRCUS PARADE  
22532,MAGIC DRAWING SLATE LEAP FROG 
22534,MAGIC DRAWING SLATE SPACEBOY 
22535,MAGIC DRAWING SLATE BUNNIES 
22536,MAGIC DRAWING SLATE PURDEY
22537,MAGIC DRAWING SLATE DINOSAUR
22538,MINI JIGSAW GO TO THE FAIR
22539,MINI JIGSAW DOLLY GIRL
22540,MINI JIGSAW CIRCUS PARADE 
22543,MINI JIGSAW BAKE A CAKE 
22544,MINI JIGSAW SPACEBOY
22545,MINI JIGSAW BUNNIES
22546,MINI JIGSAW PURDEY
22547,MINI JIGSAW DINOSAUR 
22548,HEADS AND TAILS SPORTING FUN
22549,PICTURE DOMINOES
22550,HOLIDAY FUN LUDO
22551,PLASTERS IN TIN SPACEBOY
22553,PLASTERS IN TIN SKULLS
22554,PLASTERS IN TIN WOODLAND ANIMALS
22555,PLASTERS IN TIN STRONGMAN
22556,PLASTERS IN TIN CIRCUS PARADE 
22557,PLASTERS IN TIN VINTAGE PAISLEY 
22558,CLOTHES PEGS RETROSPOT PACK 24 
22559,SEASIDE FLYING DISC
22560,TRADITIONAL MODELLING CLAY
22561,WOODEN SCHOOL COLOURING SET
22562,MONSTERS STENCIL CRAFT
22563,HAPPY STENCIL CRAFT
22564,ALPHABET STENCIL CRAFT
22565,FELTCRAFT HAIRBANDS PINK AND WHITE 
22566,FELTCRAFT HAIRBAND PINK AND PURPLE
22567,20 DOLLY PEGS RETROSPOT
22568,FELTCRAFT CUSHION OWL
22569,FELTCRAFT CUSHION BUTTERFLY
22570,FELTCRAFT CUSHION RABBIT
22571,ROCKING HORSE RED CHRISTMAS 
22572,ROCKING HORSE GREEN CHRISTMAS 
22573,STAR WOODEN CHRISTMAS DECORATION
22574,HEART WOODEN CHRISTMAS DECORATION
22575,METAL MERRY CHRISTMAS WREATH
22576,SWALLOW WOODEN CHRISTMAS DECORATION
22577,WOODEN HEART CHRISTMAS SCANDINAVIAN
22578,WOODEN STAR CHRISTMAS SCANDINAVIAN
22579,WOODEN TREE CHRISTMAS SCANDINAVIAN
22580,ADVENT CALENDAR GINGHAM SACK
22581,WOOD STOCKING CHRISTMAS SCANDISPOT
22582,PACK OF 6 SWEETIE GIFT BOXES
22583,PACK OF 6 HANDBAG GIFT BOXES
22584,PACK OF 6 PANNETONE GIFT BOXES
22585,PACK OF 6 BIRDY GIFT TAGS
22587,FELTCRAFT HAIRBAND RED AND BLUE
22588,CARD HOLDER GINGHAM HEART
22592,CARDHOLDER HOLLY WREATH METAL
22593,CHRISTMAS GINGHAM STAR
22594,CHRISTMAS GINGHAM TREE
22595,GINGHAM HEART DECORATION
22596,CHRISTMAS STAR WISH LIST CHALKBOARD
22597,MUSICAL ZINC HEART DECORATION 
22598,CHRISTMAS MUSICAL ZINC TREE
22599,CHRISTMAS MUSICAL ZINC STAR
22600,CHRISTMAS RETROSPOT STAR WOOD
22601,CHRISTMAS RETROSPOT ANGEL WOOD
22602,RETROSPOT WOODEN HEART DECORATION
22603,CHRISTMAS RETROSPOT TREE WOOD
22604,SET OF 4 NAPKIN CHARMS CUTLERY
22605,WOODEN CROQUET GARDEN SET
22606,WOODEN SKITTLES GARDEN SET
22607,WOODEN ROUNDERS GARDEN SET 
22608,PENS ASSORTED FUNKY JEWELED 
22609,PENS ASSORTED SPACEBALL
22610,PENS ASSORTED FUNNY FACE
22611,VINTAGE UNION JACK SHOPPING BAG
22613,PACK OF 20 SPACEBOY NAPKINS
22614,PACK OF 12 SPACEBOY TISSUES
22616,PACK OF 12 LONDON TISSUES 
22617,BAKING SET SPACEBOY DESIGN
22619,SET OF 6 SOLDIER SKITTLES
22620,4 TRADITIONAL SPINNING TOPS
22621,TRADITIONAL KNITTING NANCY
22622,BOX OF VINTAGE ALPHABET BLOCKS
22623,BOX OF VINTAGE JIGSAW BLOCKS 
22624,IVORY KITCHEN SCALES
22625,RED KITCHEN SCALES
22626,BLACK KITCHEN SCALES
22627,MINT KITCHEN SCALES
22628,PICNIC BOXES SET OF 3 RETROSPOT 
22629,SPACEBOY LUNCH BOX 
22630,DOLLY GIRL LUNCH BOX
22631,CIRCUS PARADE LUNCH BOX 
22632,HAND WARMER RED RETROSPOT
22633,HAND WARMER UNION JACK
22634,CHILDS BREAKFAST SET SPACEBOY 
22635,CHILDS BREAKFAST SET DOLLY GIRL 
22636,CHILDS BREAKFAST SET CIRCUS PARADE
22637,PIGGY BANK RETROSPOT 
22638,SET OF 4 NAPKIN CHARMS CROWNS 
22639,SET OF 4 NAPKIN CHARMS HEARTS
22640,SET OF 4 NAPKIN CHARMS 3 KEYS 
22642,SET OF 4 NAPKIN CHARMS STARS   
22643,SET OF 4 NAPKIN CHARMS LEAVES   
22644,CERAMIC CHERRY CAKE MONEY BANK
22645,CERAMIC HEART FAIRY CAKE MONEY BANK
22646,CERAMIC STRAWBERRY CAKE MONEY BANK
22649,STRAWBERRY FAIRY CAKE TEAPOT
22650,CERAMIC PIRATE CHEST MONEY BANK
22651,GENTLEMAN SHIRT REPAIR KIT 
22652,TRAVEL SEWING KIT
22653,BUTTON BOX 
22654,DELUXE SEWING KIT 
22655,VINTAGE RED KITCHEN CABINET
22659,LUNCH BOX I LOVE LONDON
22661,CHARLOTTE BAG DOLLY GIRL DESIGN
22662,LUNCH BAG DOLLY GIRL DESIGN
22663,JUMBO BAG DOLLY GIRL DESIGN
22664,TOY TIDY DOLLY GIRL DESIGN
22665,RECIPE BOX BLUE SKETCHBOOK DESIGN
22666,RECIPE BOX PANTRY YELLOW DESIGN
22667,RECIPE BOX RETROSPOT 
22668,PINK BABY BUNTING
22669,RED BABY BUNTING 
22670,FRENCH WC SIGN BLUE METAL
22671,FRENCH LAUNDRY SIGN BLUE METAL
22672,FRENCH BATHROOM SIGN BLUE METAL
22673,FRENCH GARDEN SIGN BLUE METAL
22674,FRENCH TOILET SIGN BLUE METAL
22675,FRENCH KITCHEN SIGN BLUE METAL
22676,FRENCH BLUE METAL DOOR SIGN 1
22677,FRENCH BLUE METAL DOOR SIGN 2
22678,FRENCH BLUE METAL DOOR SIGN 3
22679,FRENCH BLUE METAL DOOR SIGN 4
22680,FRENCH BLUE METAL DOOR SIGN 5
22682,FRENCH BLUE METAL DOOR SIGN 7
22683,FRENCH BLUE METAL DOOR SIGN 8
22684,FRENCH BLUE METAL DOOR SIGN 9
22686,FRENCH BLUE METAL DOOR SIGN No
22689,DOORMAT MERRY CHRISTMAS RED 
22690,DOORMAT HOME SWEET HOME BLUE 
22691,DOORMAT WELCOME SUNRISE
22692,DOORMAT WELCOME TO OUR HOME
22693,GROW A FLYTRAP OR SUNFLOWER IN TIN
22694,WICKER STAR 
22695,WICKER WREATH SMALL
22697,GREEN REGENCY TEACUP AND SAUCER
22698,PINK REGENCY TEACUP AND SAUCER
22699,ROSES REGENCY TEACUP AND SAUCER 
22701,PINK DOG BOWL
22703,PINK CAT BOWL
22704,WRAP RED APPLES 
22705,WRAP GREEN PEARS 
22706,WRAP COWBOYS  
22707,WRAP MONSTER FUN 
22708,WRAP DOLLY GIRL
22709,WRAP WEDDING DAY
22710,WRAP I LOVE LONDON 
22711,WRAP CIRCUS PARADE
22712,CARD DOLLY GIRL 
22713,CARD I LOVE LONDON 
22714,CARD BIRTHDAY COWBOY
22715,CARD WEDDING DAY
22716,CARD CIRCUS PARADE
22717,CARD DOG AND BALL 
22718,CARD CAT AND TREE 
22719,GUMBALL MONOCHROME COAT RACK
22720,SET OF 3 CAKE TINS PANTRY DESIGN 
22721,SET OF 3 CAKE TINS SKETCHBOOK
22722,SET OF 6 SPICE TINS PANTRY DESIGN
22723,SET OF 6 HERB TINS SKETCHBOOK
22725,ALARM CLOCK BAKELIKE CHOCOLATE
22726,ALARM CLOCK BAKELIKE GREEN
22727,ALARM CLOCK BAKELIKE RED 
22728,ALARM CLOCK BAKELIKE PINK
22729,ALARM CLOCK BAKELIKE ORANGE
22730,ALARM CLOCK BAKELIKE IVORY
22731,3D CHRISTMAS STAMPS STICKERS 
22732,3D VINTAGE CHRISTMAS STICKERS 
22733,3D TRADITIONAL CHRISTMAS STICKERS
22734,SET OF 6 RIBBONS VINTAGE CHRISTMAS
22735,RIBBON REEL SOCKS AND MITTENS
22736,RIBBON REEL MAKING SNOWMEN 
22737,RIBBON REEL CHRISTMAS PRESENT 
22738,RIBBON REEL SNOWY VILLAGE
22739,RIBBON REEL CHRISTMAS SOCK BAUBLE
22741,FUNKY DIVA PEN
22742,MAKE YOUR OWN PLAYTIME CARD KIT
22743,MAKE YOUR OWN FLOWERPOWER CARD KIT
22744,MAKE YOUR OWN MONSOON CARD KIT
22745,POPPY'S PLAYHOUSE BEDROOM 
22746,POPPY'S PLAYHOUSE LIVINGROOM 
22747,POPPY'S PLAYHOUSE BATHROOM
22748,POPPY'S PLAYHOUSE KITCHEN
22749,FELTCRAFT PRINCESS CHARLOTTE DOLL
22750,FELTCRAFT PRINCESS LOLA DOLL
22751,FELTCRAFT PRINCESS OLIVIA DOLL
22752,SET 7 BABUSHKA NESTING BOXES
22753,SMALL YELLOW BABUSHKA NOTEBOOK 
22754,SMALL RED BABUSHKA NOTEBOOK 
22755,SMALL PURPLE BABUSHKA NOTEBOOK 
22756,LARGE YELLOW BABUSHKA NOTEBOOK 
22757,LARGE RED BABUSHKA NOTEBOOK 
22758,LARGE PURPLE BABUSHKA NOTEBOOK  
22759,SET OF 3 NOTEBOOKS IN PARCEL
22760,"TRAY, BREAKFAST IN BED"
22762,CUPBOARD 3 DRAWER MA CAMPAGNE
22763,KEY CABINET MA CAMPAGNE
22766,PHOTO FRAME CORNICE
22767,TRIPLE PHOTO FRAME CORNICE 
22768,FAMILY PHOTO FRAME CORNICE
22770,MIRROR CORNICE
22771,CLEAR DRAWER KNOB ACRYLIC EDWARDIAN
22772,PINK DRAWER KNOB ACRYLIC EDWARDIAN
22773,GREEN DRAWER KNOB ACRYLIC EDWARDIAN
22774,RED DRAWER KNOB ACRYLIC EDWARDIAN
22775,PURPLE DRAWERKNOB ACRYLIC EDWARDIAN
22776,SWEETHEART CAKESTAND 3 TIER
22776,SWEETHEART 3 TIER CAKE STAND 
22777,GLASS CLOCHE LARGE
22778,GLASS CLOCHE SMALL
22779,WOODEN OWLS LIGHT GARLAND 
22780,LIGHT GARLAND BUTTERFILES PINK
22781,GUMBALL MAGAZINE RACK
22782,SET 3 WICKER STORAGE BASKETS 
22784,LANTERN CREAM GAZEBO 
22785,SQUARECUSHION COVER PINK UNION FLAG
22785,SQUARECUSHION COVER PINK UNION JACK
22786,CUSHION COVER PINK UNION JACK
22788,BROCANTE COAT RACK
22789,T-LIGHT HOLDER SWEETHEART HANGING
22791,T-LIGHT GLASS FLUTED ANTIQUE
22792,FLUTED ANTIQUE CANDLE HOLDER
22794,SWEETHEART WIRE MAGAZINE RACK
22795,SWEETHEART RECIPE BOOK STAND
22796,PHOTO FRAME 3 CLASSIC HANGING
22797,CHEST OF DRAWERS GINGHAM HEART 
22798,ANTIQUE GLASS DRESSING TABLE POT
22799,SWEETHEART WIRE FRUIT BOWL
22800,ANTIQUE TALL SWIRLGLASS TRINKET POT
22801,ANTIQUE GLASS PEDESTAL BOWL
22802,FAUX FUR CHOCOLATE THROW
22803,IVORY EMBROIDERED QUILT 
22804,PINK HANGING HEART T-LIGHT HOLDER
22804,CANDLEHOLDER PINK HANGING HEART
22805,BLUE DRAWER KNOB ACRYLIC EDWARDIAN
22807,SET OF 6 T-LIGHTS TOADSTOOLS
22809,SET OF 6 T-LIGHTS SANTA
22810,SET OF 6 T-LIGHTS SNOWMEN
22811,SET OF 6 T-LIGHTS CACTI 
22812,PACK 3 BOXES CHRISTMAS PANNETONE
22813,PACK 3 BOXES BIRD PANNETONE 
22814,CARD PARTY GAMES 
22815,CARD PSYCHEDELIC APPLES
22816,CARD MOTORBIKE SANTA
22818,CARD CHRISTMAS VILLAGE
22821,GIFT BAG PSYCHEDELIC APPLES
22822,CREAM WALL PLANTER HEART SHAPED
22823,CHEST NATURAL WOOD 20 DRAWERS
22827,RUSTIC  SEVENTEEN DRAWER SIDEBOARD
22828,REGENCY MIRROR WITH SHUTTERS
22829,SWEETHEART WIRE WALL TIDY
22831,WHITE BROCANTE SOAP DISH
22834,HAND WARMER BABUSHKA DESIGN
22835,HOT WATER BOTTLE I AM SO POORLY
22837,HOT WATER BOTTLE BABUSHKA 
22838,3 TIER CAKE TIN RED AND CREAM
22839,3 TIER CAKE TIN GREEN AND CREAM
22840,ROUND CAKE TIN VINTAGE RED
22841,ROUND CAKE TIN VINTAGE GREEN
22842,BISCUIT TIN VINTAGE RED
22843,BISCUIT TIN VINTAGE GREEN
22844,VINTAGE CREAM DOG FOOD CONTAINER
22845,VINTAGE CREAM CAT FOOD CONTAINER
22846,BREAD BIN DINER STYLE RED 
22847,BREAD BIN DINER STYLE IVORY
22848,BREAD BIN DINER STYLE PINK
22849,BREAD BIN DINER STYLE MINT
22851,SET 20 NAPKINS FAIRY CAKES DESIGN 
22852,DOG BOWL VINTAGE CREAM
22853,CAT BOWL VINTAGE CREAM
22854,CREAM SWEETHEART EGG HOLDER
22855,FINE WICKER HEART 
22856,ASSORTED EASTER DECORATIONS  BELLS
22857,ASSORTED EASTER GIFT TAGS
22858,EASTER TIN KEEPSAKE
22859,EASTER TIN BUNNY BOUQUET
22860,EASTER TIN CHICKS PINK DAISY
22861,EASTER TIN CHICKS IN GARDEN
22862,LOVE HEART NAPKIN BOX 
22863,SOAP DISH BROCANTE
22865,HAND WARMER OWL DESIGN
22866,HAND WARMER SCOTTY DOG DESIGN
22867,HAND WARMER BIRD DESIGN
22869,NUMBER TILE COTTAGE GARDEN 1
22873,NUMBER TILE COTTAGE GARDEN 5
22879,NUMBER TILE VINTAGE FONT 0
22883,NUMBER TILE VINTAGE FONT 4
22884,NUMBER TILE VINTAGE FONT 5
22886,NUMBER TILE VINTAGE FONT 7
22887,NUMBER TILE VINTAGE FONT 8
22890,NOVELTY BISCUITS CAKE STAND 3 TIER
22891,TEA FOR ONE POLKADOT
22892,SET OF SALT AND PEPPER TOADSTOOLS
22894,TABLECLOTH RED APPLES DESIGN 
22895,SET OF 2 TEA TOWELS APPLE AND PEARS
22896,PEG BAG APPLES DESIGN
22897,OVEN MITT APPLES DESIGN
22898,CHILDRENS APRON APPLES DESIGN
22899,CHILDREN'S APRON DOLLY GIRL 
22900,SET 2 TEA TOWELS I LOVE LONDON 
22900, SET 2 TEA TOWELS I LOVE LONDON 
22902,TOTE BAG I LOVE LONDON
22903,CALENDAR FAMILY FAVOURITES
22904,CALENDAR PAPER CUT DESIGN
22905,CALENDAR IN SEASON DESIGN
22906,12 MESSAGE CARDS WITH ENVELOPES
22907,PACK OF 20 NAPKINS PANTRY DESIGN
22908,PACK OF 20 NAPKINS RED APPLES
22909,SET OF 20 VINTAGE CHRISTMAS NAPKINS
22910,PAPER CHAIN KIT VINTAGE CHRISTMAS
22911,PAPER CHAIN KIT LONDON
22912,YELLOW COAT RACK PARIS FASHION
22913,RED COAT RACK PARIS FASHION
22914,BLUE COAT RACK PARIS FASHION
22915,ASSORTED BOTTLE TOP  MAGNETS 
22916,HERB MARKER THYME
22917,HERB MARKER ROSEMARY
22918,HERB MARKER PARSLEY
22919,HERB MARKER MINT
22920,HERB MARKER BASIL
22921,HERB MARKER CHIVES 
22922,FRIDGE MAGNETS US DINER ASSORTED
22923,FRIDGE MAGNETS LES ENFANTS ASSORTED
22924,FRIDGE MAGNETS LA VIE EN ROSE
22925,BLUE GIANT GARDEN THERMOMETER
22926,IVORY GIANT GARDEN THERMOMETER
22927,GREEN GIANT GARDEN THERMOMETER
22928,YELLOW GIANT GARDEN THERMOMETER
22929,SCHOOL DESK AND CHAIR 
22930,BAKING MOULD HEART MILK CHOCOLATE
22931,BAKING MOULD HEART WHITE CHOCOLATE
22932,BAKING MOULD TOFFEE CUP CHOCOLATE
22933,BAKING MOULD EASTER EGG MILK CHOC
22934,BAKING MOULD EASTER EGG WHITE CHOC
22935,BAKING MOULD ROSE MILK CHOCOLATE
22937,BAKING MOULD CHOCOLATE CUPCAKES
22938,CUPCAKE LACE PAPER SET 6
22939,APRON APPLE DELIGHT
22940,FELTCRAFT CHRISTMAS FAIRY
22941,CHRISTMAS LIGHTS 10 REINDEER
22942,CHRISTMAS LIGHTS 10 SANTAS 
22943,CHRISTMAS LIGHTS 10 VINTAGE BAUBLES
22944,CHRISTMAS METAL POSTCARD WITH BELLS
22945,CHRISTMAS METAL TAGS ASSORTED 
22946,WOODEN ADVENT CALENDAR CREAM
22947,WOODEN ADVENT CALENDAR RED
22948,METAL DECORATION NAUGHTY CHILDREN 
22949,36 DOILIES DOLLY GIRL
22950,36 DOILIES VINTAGE CHRISTMAS
22951,60 CAKE CASES DOLLY GIRL DESIGN
22952,60 CAKE CASES VINTAGE CHRISTMAS
22953,BIRTHDAY PARTY CORDON BARRIER TAPE
22955,36 FOIL STAR CAKE CASES 
22956,36 FOIL HEART CAKE CASES
22957,SET 3 PAPER VINTAGE CHICK PAPER EGG
22959,WRAP CHRISTMAS VILLAGE
22960,JAM MAKING SET WITH JARS
22961,JAM MAKING SET PRINTED
22962,JAM JAR WITH PINK LID
22963,JAM JAR WITH GREEN LID
22964,3 PIECE SPACEBOY COOKIE CUTTER SET
22965,3 TRADITIONAl BISCUIT CUTTERS  SET
22966,GINGERBREAD MAN COOKIE CUTTER
22967,SET 3 SONG BIRD PAPER EGGS ASSORTED
22968,ROSE COTTAGE KEEPSAKE BOX 
22969,HOMEMADE JAM SCENTED CANDLES
22970,LONDON BUS COFFEE MUG
22971,QUEENS GUARD COFFEE MUG
22972,CHILDREN'S SPACEBOY MUG
22973,CHILDREN'S CIRCUS PARADE MUG
22974,CHILDRENS DOLLY GIRL MUG
22975,SPACEBOY CHILDRENS EGG CUP
22976,CIRCUS PARADE CHILDRENS EGG CUP 
22977,DOLLY GIRL CHILDRENS EGG CUP
22978,PANTRY ROLLING PIN
22979,PANTRY WASHING UP BRUSH
22980,PANTRY SCRUBBING BRUSH
22981,PANTRY APPLE CORER
22982,PANTRY PASTRY BRUSH
22983,CARD BILLBOARD FONT
22984,CARD GINGHAM ROSE 
22986,WRAP GINGHAM ROSE 
22988,SOLDIERS EGG CUP 
22989,SET 2 PANTRY DESIGN TEA TOWELS
22990,COTTON APRON PANTRY DESIGN
22991,GIRAFFE WOODEN RULER
22992,REVOLVER WOODEN RULER 
22993,SET OF 4 PANTRY JELLY MOULDS
22994,TRAVEL CARD WALLET RETROSPOT
22995,TRAVEL CARD WALLET SUKI
22996,TRAVEL CARD WALLET VINTAGE TICKET
22997,TRAVEL CARD WALLET UNION JACK
22998,TRAVEL CARD WALLET KEEP CALM
22999,TRAVEL CARD WALLET VINTAGE LEAF
22999,TRAVEL CARD WALLET RETRO PETALS
23000,TRAVEL CARD WALLET TRANSPORT
23002,TRAVEL CARD WALLET SKULLS
23004,TRAVEL CARD WALLET PANTRY
23005,TRAVEL CARD WALLET I LOVE LONDON
23006,TRAVEL CARD WALLET FLOWER MEADOW
23007, SPACEBOY BABY GIFT SET
23008,DOLLY GIRL BABY GIFT SET
23009,I LOVE LONDON BABY GIFT SET
23010,CIRCUS PARADE BABY GIFT SET
23012,GLASS APOTHECARY BOTTLE PERFUME
23013,GLASS APOTHECARY BOTTLE TONIC
23014,GLASS APOTHECARY BOTTLE ELIXIR
23019,SMALL APOTHECARY MEASURING JAR 
23020,GLASS  SONGBIRD STORAGE JAR
23021,GLASS BONNE JAM JAR
23028,DRAWER KNOB CRACKLE GLAZE BLUE
23029,DRAWER KNOB CRACKLE GLAZE GREEN
23031,DRAWER KNOB CRACKLE GLAZE PINK
23032,DRAWER KNOB CRACKLE GLAZE IVORY
23034,DRAWER KNOB CERAMIC BLACK
23035,DRAWER KNOB CERAMIC IVORY
23039,T-LIGHT HOLDER SILVER HEART HANDLE
23040,PAPER LANTERN 9 POINT SNOW STAR 
23041,PAPER LANTERN 9 POINT SNOW STAR
23042,PAPER LANTERN 7 POINT SNOW STAR
23047,PAPER LANTERN 5 POINT SEQUIN STAR
23048,SET OF 10 LANTERNS FAIRY LIGHT STAR
23049,RECYCLED ACAPULCO MAT RED
23050,RECYCLED ACAPULCO MAT GREEN
23051,RECYCLED ACAPULCO MAT BLUE
23052,RECYCLED ACAPULCO MAT TURQUOISE
23053,RECYCLED ACAPULCO MAT PINK
23054,RECYCLED ACAPULCO MAT LAVENDER
23056,FLOWERS CHANDELIER T-LIGHT HOLDER
23057,BEADED CHANDELIER T-LIGHT HOLDER
23057,GEMSTONE CHANDELIER T-LIGHT HOLDER
23058,CHRISTMAS HANGING SNOWFLAKE
23060,HEART BEADED TRELLIS DECORATION
23065,LARGE DECO JEWELLERY STAND
23066,SMALL DECO JEWELLERY STAND
23067,HANGING ENGRAVED METAL HEART
23068,ALUMINIUM STAMPED HEART
23069,EDWARDIAN PHOTO FRAME
23071,MARIE ANTOINETTE TRINKET BOX GOLD
23072,MARIE ANTOINETTE TRINKET BOX SILVER
23073,GEORGIAN TRINKET BOX
23076,ICE CREAM SUNDAE LIP GLOSS
23077,DOUGHNUT LIP GLOSS 
23078,ICE CREAM PEN LIP GLOSS 
23079,TOADSTOOL BEDSIDE LIGHT 
23080,RED METAL BOX TOP SECRET
23081,GREEN METAL BOX ARMY SUPPLIES
23082,SET 6 PAPER TABLE LANTERN HEARTS 
23083,SET 6 PAPER TABLE LANTERN STARS 
23084,RABBIT NIGHT LIGHT
23085,ANTIQUE SILVER BAUBLE LAMP  
23086,ZINC  STAR T-LIGHT HOLDER 
23087,ZINC  HEART T-LIGHT HOLDER
23088,ZINC HEART FLOWER T-LIGHT HOLDER
23089,GLASS BON BON JAR
23090,VINTAGE GLASS T-LIGHT HOLDER
23091,ZINC HERB GARDEN CONTAINER
23092,LARGE ANTIQUE WHITE PHOTO FRAME
23093,SMALL PARISIENNE HEART PHOTO FRAME 
23094,LE GRAND TRAY CHIC SET
23099,FRENCH CARRIAGE LANTERN
23100,SILVER BELLS TABLE DECORATION
23101,SILVER STARS TABLE DECORATION
23102,SILVER HEARTS TABLE DECORATION
23103,JINGLE BELL HEART DECORATION
23106,ZINC HEARTS PLANT POT HOLDER
23108,SET OF 10 LED DOLLY LIGHTS
23109,LED TEA LIGHTS
23109,PACK OF SIX LED TEA LIGHTS
23110,PARISIENNE KEY CABINET 
23111,PARISIENNE SEWING BOX
23112,PARISIENNE CURIO CABINET
23117,POPPY FIELDS CHOPPING BOARD
23118,PARISIENNE JEWELLERY DRAWER 
23119,PACK OF 6 LARGE FRUIT STRAWS 
23121,PACK OF 6 COCKTAIL PARASOL STRAWS
23122,PARTY CHARMS 50 PIECES
23123,COCKTAIL SWORDS 50 PIECES
23126,FELTCRAFT GIRL AMELIE KIT
23127,FELTCRAFT GIRL NICOLE KIT
23128,FELTCRAFT BOY JEAN-PAUL KIT
23129,HEART SHAPED HOLLY WREATH
23130,MISTLETOE HEART WREATH GREEN
23131,MISELTOE HEART WREATH WHITE
23131,MISTLETOE HEART WREATH CREAM
23132,SMALL IVORY HEART WALL ORGANISER
23133,LARGE IVORY HEART WALL ORGANISER
23136,IVORY WIRE SWEETHEART LETTER TRAY
23138,SINGLE WIRE HOOK IVORY HEART
23140,TRIPLE WIRE HOOK IVORY HEART
23141,TRIPLE WIRE HOOK PINK HEART
23142,IVORY WIRE KITCHEN ORGANISER
23144,ZINC T-LIGHT HOLDER STARS SMALL
23145,ZINC T-LIGHT HOLDER STAR LARGE
23146,TRIPLE HOOK ANTIQUE IVORY ROSE
23147,SINGLE ANTIQUE ROSE HOOK IVORY
23148,MINIATURE ANTIQUE ROSE HOOK IVORY
23150,IVORY SWEETHEART SOAP DISH
23152,IVORY SWEETHEART WIRE LETTER RACK 
23153,ZINC SWEETHEART WIRE LETTER RACK
23154,SET OF 4 JAM JAR MAGNETS
23155,KNICKERBOCKERGLORY MAGNET ASSORTED 
23156,SET OF 5 MINI GROCERY MAGNETS
23157,SET OF 6 NATIVITY MAGNETS 
23158,SET OF 5 LUCKY CAT MAGNETS 
23159,SET OF 5 PANCAKE DAY MAGNETS
23160,REGENCY TEA SPOON
23161,REGENCY CAKE FORK
23162,REGENCY TEA STRAINER
23163,REGENCY SUGAR TONGS
23164,REGENCY CAKE SLICE
23165,LARGE CERAMIC TOP STORAGE JAR
23166,MEDIUM CERAMIC TOP STORAGE JAR
23167,SMALL CERAMIC TOP STORAGE JAR 
23168,CLASSIC CAFE SUGAR DISPENSER
23169,CLASSIC GLASS COOKIE JAR
23170,REGENCY TEA PLATE ROSES 
23171,REGENCY TEA PLATE GREEN 
23172,REGENCY TEA PLATE PINK
23173,REGENCY TEAPOT ROSES 
23174,REGENCY SUGAR BOWL GREEN
23175,REGENCY MILK JUG PINK 
23176,ABC TREASURE BOOK BOX 
23177,TREASURE ISLAND BOOK BOX
23178,JAM CLOCK MAGNET
23179,CLOCK MAGNET MUM'S KITCHEN
23181,BULL DOG BOTTLE TOP WALL CLOCK
23182,TOILET SIGN OCCUPIED OR VACANT
23183,MOTHER'S KITCHEN SPOON REST 
23184,BULL DOG BOTTLE OPENER
23186,FRENCH STYLE STORAGE JAR CAFE 
23187,FRENCH STYLE STORAGE JAR BONBONS
23188,VINTAGE  2 METER FOLDING RULER
23188,VINTAGE  2 METRE FOLDING RULER
23190,BUNDLE OF 3 SCHOOL EXERCISE BOOKS  
23191,BUNDLE OF 3 RETRO NOTE BOOKS
23192,BUNDLE OF 3 ALPHABET EXERCISE BOOKS
23193,BUFFALO BILL TREASURE BOOK BOX
23194,GYMKHANA TREASURE BOOK BOX
23196,VINTAGE LEAF MAGNETIC NOTEPAD
23196,RETRO LEAVES MAGNETIC NOTEPAD
23197,VEGETABLE MAGNETIC  SHOPPING LIST
23197,SKETCHBOOK MAGNETIC SHOPPING LIST
23198,PANTRY MAGNETIC  SHOPPING LIST
23199,JUMBO BAG APPLES
23200,JUMBO BAG PEARS
23201,JUMBO BAG ALPHABET
23202,JUMBO BAG VINTAGE LEAF
23203,JUMBO BAG VINTAGE DOILY 
23203,JUMBO BAG VINTAGE DOILEY 
23203,JUMBO BAG DOILEY PATTERNS
23204,CHARLOTTE BAG APPLES DESIGN
23205,CHARLOTTE BAG VINTAGE ALPHABET 
23206,LUNCH BAG APPLE DESIGN
23207,LUNCH BAG ALPHABET DESIGN
23208,LUNCH BAG VINTAGE LEAF DESIGN
23209,LUNCH BAG VINTAGE DOILY 
23209,LUNCH BAG DOILEY PATTERN 
23210,WHITE ROCKING HORSE HAND PAINTED
23211,RED ROCKING HORSE HAND PAINTED
23212,HEART WREATH DECORATION WITH BELL
23213,STAR WREATH DECORATION WITH BELL
23215,JINGLE BELL HEART ANTIQUE SILVER
23217,LAUREL HEART ANTIQUE SILVER
23219,LAUREL STAR ANTIQUE SILVER 
23222,CHRISTMAS TREE HANGING GOLD
23223,CHRISTMAS TREE HANGING SILVER 
23225,CHERUB HEART DECORATION SILVER 
23226,FILIGREE HEART DAISY WHITE
23227,FILIGREE HEART BUTTERFLY WHITE 
23228,FILIGREE HEART BIRD WHITE 
23229,VINTAGE DONKEY TAIL GAME 
23230,WRAP ALPHABET DESIGN
23231,WRAP  VINTAGE DOILY 
23232,WRAP VINTAGE PETALS  DESIGN
23232,WRAP VINTAGE LEAF DESIGN
23233,WRAP POPPIES  DESIGN
23234,BISCUIT TIN VINTAGE CHRISTMAS
23235,STORAGE TIN VINTAGE LEAF
23235,BISCUIT TIN VINTAGE LEAF
23236,DOILEY STORAGE TIN
23236,DOILEY BISCUIT TIN
23236,STORAGE TIN VINTAGE DOILY 
23237,SET OF 4 KNICK KNACK TINS LEAVES 
23237,SET OF 4 KNICK KNACK TINS LEAF
23238,SET OF 4 KNICK KNACK TINS LONDON 
23239,SET OF 4 KNICK KNACK TINS POPPIES
23240,SET OF 4 KNICK KNACK TINS DOILEY 
23240,SET OF 4 KNICK KNACK TINS DOILY 
23241,TREASURE TIN GYMKHANA DESIGN
23242,TREASURE TIN BUFFALO BILL 
23243,SET OF TEA COFFEE SUGAR TINS PANTRY
23244,ROUND STORAGE TIN VINTAGE LEAF
23244,STORAGE TIN VINTAGE LEAF
23245,SET OF 3 REGENCY CAKE TINS
23247,BISCUIT TIN 50'S CHRISTMAS
23249,VINTAGE RED ENAMEL TRIM PLATE
23250,VINTAGE RED TRIM ENAMEL BOWL 
23251,VINTAGE RED ENAMEL TRIM MUG 
23252,VINTAGE RED ENAMEL TRIM JUG 
23253,16 PIECE CUTLERY SET PANTRY DESIGN
23254,CHILDRENS CUTLERY DOLLY GIRL 
23255,CHILDRENS CUTLERY CIRCUS PARADE
23256,CHILDRENS CUTLERY SPACEBOY 
23256,KIDS CUTLERY SPACEBOY 
23263,SET OF 3 WOODEN HEART DECORATIONS
23264,SET OF 3 WOODEN SLEIGH DECORATIONS
23265,SET OF 3 WOODEN TREE DECORATIONS
23266,SET OF 3 WOODEN STOCKING DECORATION
23267,SET OF 4 SANTA PLACE SETTINGS
23268,SET OF 2 CERAMIC CHRISTMAS REINDEER
23269,SET OF 2 CERAMIC CHRISTMAS TREES
23270,SET OF 2 CERAMIC PAINTED HEARTS 
23271,CHRISTMAS TABLE SILVER CANDLE SPIKE
23273,HEART T-LIGHT HOLDER WILLIE WINKIE
23274,STAR T-LIGHT HOLDER WILLIE WINKIE
23275,SET OF 3 HANGING OWLS OLLIE BEAK
23280,FOLDING BUTTERFLY MIRROR HOT PINK 
23281,FOLDING BUTTERFLY MIRROR RED  
23282,FOLDING BUTTERFLY MIRROR IVORY 
23283,DOORMAT VINTAGE LEAF
23283,DOORMAT VINTAGE LEAVES DESIGN 
23284,DOORMAT KEEP CALM AND COME IN
23285,PINK VINTAGE SPOT BEAKER
23286,BLUE VINTAGE SPOT BEAKER
23287,RED VINTAGE SPOT BEAKER
23288,GREEN VINTAGE SPOT BEAKER
23289,DOLLY GIRL CHILDRENS BOWL
23290,SPACEBOY CHILDRENS BOWL
23291,DOLLY GIRL CHILDRENS CUP
23292,SPACEBOY CHILDRENS CUP
23293,SET OF 12 FAIRY CAKE BAKING CASES
23294,SET OF 6 SNACK LOAF BAKING CASES
23295,SET OF 12 MINI LOAF BAKING CASES
23296,SET OF 6 TEA TIME BAKING CASES
23297,SET 40 HEART SHAPE PETIT FOUR CASES
23298,SPOTTY BUNTING
23299,"FOOD COVER WITH BEADS , SET 2 SIZES"
23299,FOOD COVER WITH BEADS SET 2 
23300,GARDENERS KNEELING PAD CUP OF TEA 
23301,GARDENERS KNEELING PAD KEEP CALM 
23302,KNEELING MAT HOUSEWORK  DESIGN
23303,SET 4 PICNIC CUTLERY FONDANT
23304,SET 4 PICNIC CUTLERY CHERRY 
23306,SET OF 36 DOILIES PANTRY DESIGN
23307,SET OF 60 PANTRY DESIGN CAKE CASES 
23308,SET OF 60 VINTAGE LEAF CAKE CASES 
23309,SET OF 60 I LOVE LONDON CAKE CASES 
23310,BUBBLEGUM RING ASSORTED
23311,VINTAGE CHRISTMAS STOCKING 
23312,VINTAGE CHRISTMAS GIFT SACK
23313,VINTAGE CHRISTMAS BUNTING
23314,VINTAGE CHRISTMAS TABLECLOTH
23315,IVORY REFECTORY CLOCK
23316,RED REFECTORY CLOCK 
23317,BLUE REFECTORY CLOCK 
23318,BOX OF 6 MINI VINTAGE CRACKERS
23319,BOX OF 6 MINI 50'S CRACKERS
23320,GIANT 50'S CHRISTMAS CRACKER
23321,SMALL WHITE HEART OF WICKER
23322,LARGE WHITE HEART OF WICKER
23323,WHITE WICKER STAR 
23324,RUSTIC STRAWBERRY JAM POT LARGE 
23327,HANGING CLEAR MINI BOTTLE
23328,SET 6 SCHOOL MILK BOTTLES IN CRATE
23329,DECORATIVE WICKER HEART LARGE
23330,DECORATIVE WICKER HEART MEDIUM
23331,DECORATIVE WICKER HEART SMALL
23332,IVORY WICKER HEART LARGE
23333,IVORY WICKER HEART MEDIUM
23334,IVORY WICKER HEART SMALL
23335,EGG FRYING PAN IVORY 
23336,EGG FRYING PAN PINK 
23338,EGG FRYING PAN RED 
23339,EGG FRYING PAN BLUE 
23340,VINTAGE CHRISTMAS CAKE FRILL
23341,PINK DINER WALL CLOCK
23342,MINT DINER CLOCK
23342,MINT DINER WALL CLOCK
23343,JUMBO BAG VINTAGE CHRISTMAS 
23344,JUMBO BAG 50'S CHRISTMAS 
23345, DOLLY GIRL BEAKER
23346,SPACEBOY BEAKER
23347,I LOVE LONDON BEAKER
23348,CHILDRENS TOY COOKING UTENSIL SET
23349,ROLL WRAP VINTAGE CHRISTMAS
23350,ROLL WRAP VINTAGE SPOT 
23351,ROLL WRAP 50'S CHRISTMAS
23352,ROLL WRAP 50'S RED CHRISTMAS 
23353,6 GIFT TAGS VINTAGE CHRISTMAS 
23354,6 GIFT TAGS 50'S CHRISTMAS 
23355,HOT WATER BOTTLE KEEP CALM
23356,LOVE HOT WATER BOTTLE
23357,HOT WATER BOTTLE SEX BOMB
23358,HOT STUFF HOT WATER BOTTLE
23359,SET OF 12 T-LIGHTS VINTAGE DOILY
23360,SET 8 CANDLES VINTAGE DOILY
23365,SET 12 COLOUR PENCILS LOVE LONDON
23366,SET 12 COLOURING PENCILS DOILY
23367,SET 12 COLOUR PENCILS SPACEBOY 
23368,SET 12 COLOUR PENCILS DOLLY GIRL 
23369,SET 36 COLOUR PENCILS LOVE LONDON
23370,SET 36 COLOURING PENCILS DOILY
23371,SET 36 COLOUR PENCILS SPACEBOY 
23372,SET 36 COLOUR PENCILS DOLLY GIRL
23373,VINTAGE CHRISTMAS PAPER GIFT BAG
23374,RED SPOT PAPER GIFT BAG
23375,50'S CHRISTMAS PAPER GIFT BAG
23376,PACK OF 12 VINTAGE CHRISTMAS TISSUE
23377,PACK OF 12 DOLLY GIRL TISSUES
23378,PACK OF 12 50'S CHRISTMAS TISSUES
23379,PACK OF 12 RED APPLE TISSUES
23380,PACK OF 12 VINTAGE DOILY TISSUES
23381,PACK OF 12 VINTAGE LEAF TISSUES 
23382,BOX OF 6 CHRISTMAS CAKE DECORATIONS
23388,WOODLAND MINI BACKPACK
23389,SPACEBOY MINI BACKPACK
23390,DOLLY GIRL MINI BACKPACK
23391, I LOVE LONDON MINI BACKPACK
23392,SPACEBOY ROCKET LOLLY MAKERS
23393,HOME SWEET HOME CUSHION COVER 
23394,POSTE FRANCE CUSHION COVER
23395,BELLE JARDINIERE CUSHION COVER
23396,LE JARDIN BOTANIQUE CUSHION COVER
23397,FOOT STOOL HOME SWEET HOME 
23399,HOME SWEET HOME HANGING HEART
23400,SHELF WITH 4 HOOKS HOME SWEET HOME
23402,HOME SWEET HOME 3 PEG HANGER 
23403,LETTER HOLDER HOME SWEET HOME
23404,HOME SWEET HOME BLACKBOARD
23405,HOME SWEET HOME 2 DRAWER CABINET
23406,HOME SWEET HOME KEY HOLDER
23407,SET OF 2 TRAYS HOME SWEET HOME
23408,PHOTO FRAME LINEN AND LACE SMALL
23410,CURIO CABINET LINEN AND LACE 
23411, TRELLIS COAT RACK
23412,HEART MIRROR ANTIQUE WHITE
23413,DECORATIVE VINTAGE COFFEE  BOX
23414,ZINC BOX SIGN HOME
23418,LAVENDER TOILETTE BOTTLE
23419,HOME SWEET HOME BOTTLE 
23420,PANTRY HOOK TEA STRAINER 
23422,PANTRY HOOK BALLOON WHISK 
23423,PANTRY 3 HOOK ROLLING PIN HANGER
23424,GINGHAM RECIPE BOOK BOX
23425,STORAGE TIN HOME SWEET HOME
23426,METAL SIGN DROP YOUR PANTS
23427,STOOL HOME SWEET HOME 
23428,IVORY RETRO KITCHEN WALL CLOCK
23431,NATURAL HANGING QUILTED HEARTS 
23432,PRETTY HANGING QUILTED HEARTS
23433,HANGING QUILTED PATCHWORK APPLES
23434,3 RAFFIA RIBBONS 50'S CHRISTMAS 
23435,3 RAFFIA RIBBONS VINTAGE CHRISTMAS
23436,GIFT BAG LARGE VINTAGE CHRISTMAS
23436,VINTAGE CHRISTMAS GIFT BAG LARGE 
23437, 50'S CHRISTMAS GIFT BAG LARGE
23438, RED SPOT GIFT BAG LARGE
23438,GIFT BAG LARGE SPOT 
23439,HAND WARMER RED LOVE HEART
23440,PAINT YOUR OWN EGGS IN CRATE
23444,Next Day Carriage
23445,ICE CREAM BUBBLES
23451,SQUARE MINI PORTRAIT FRAME
23452,HEART MINI PORTRAIT FRAME
23453,OVAL  MINI PORTRAIT FRAME
23454,THREE MINI HANGING FRAMES
23455,SMALL PARLOUR PICTURE FRAME
23457,LARGE PARLOUR PICTURE FRAME
23461,SWEETHEART BIRD HOUSE
23464,VINTAGE ZINC WATERING CAN SMALL
23465,TUSCAN VILLA FEEDING STATION
23465,TUSCAN VILLA BIRD FEEDER
23466,TUSCAN VILLA DOVECOTE BIRD FEEDER
23471,SIX DRAWER OFFICE TIDY
23472, NINE DRAWER OFFICE TIDY
23475,WOODLAND SMALL PINK FELT HEART
23480,MINI LIGHTS WOODLAND MUSHROOMS
23481,PEARLISED IVORY HEART SMALL 
23483,HANGING  BUTTERFLY T-LIGHT HOLDER
23484,HEART TRELLISTRIPLE T-LIGHT HOLDER
23484,HEART TRELLIS TRIPLE T-LIGHT HOLDER
23487,SWEET HEART CAKE CARRIER
23489,VINTAGE BELLS GARLAND
23490,T-LIGHT HOLDER HANGING LOVE BIRD
23491,VINTAGE JINGLE BELLS HEART
23493,VINTAGE DOILY TRAVEL SEWING KIT
23494,VINTAGE DOILY DELUXE SEWING KIT 
23497,CLASSIC CHROME BICYCLE BELL 
23498,CLASSIC BICYCLE CLIPS 
23499,SET 12 VINTAGE DOILY CHALK 
23500,KEY RING BASEBALL BOOT ASSORTED 
23502,PLAYING CARDS VINTAGE DOILY 
23503,PLAYING CARDS KEEP CALM & CARRY ON
23504,PLAYING CARDS JUBILEE UNION JACK
23505,PLAYING CARDS I LOVE LONDON 
23506,MINI PLAYING CARDS SPACEBOY 
23507,MINI PLAYING CARDS BUFFALO BILL 
23508,MINI PLAYING CARDS DOLLY GIRL 
23510,MINI PLAYING CARDS GYMKHANA
23511,EMBROIDERED RIBBON REEL EMILY 
23512,EMBROIDERED RIBBON REEL ROSIE
23513,EMBROIDERED RIBBON REEL SUSIE 
23514,EMBROIDERED RIBBON REEL SALLY 
23515,EMBROIDERED RIBBON REEL DAISY 
23516,EMBROIDERED RIBBON REEL SOPHIE  
23517,EMBROIDERED RIBBON REEL REBECCA 
23518,EMBROIDERED RIBBON REEL RACHEL 
23521,CAT AND BIRD WALL ART
23521,WALL ART CAT AND BIRD 
23524,WALL ART HORSE & PONY 
23524,HORSE & PONY WALL ART
23525,WALL ART BUFFALO BILL 
23526,WALL ART DOG LICENCE 
23526,DOG LICENCE WALL ART
23528,SPACEBOY WALL ART
23528,WALL ART SPACEBOY
23529,DOLLY GIRL WALL ART
23530,WALL ART ONLY ONE PERSON 
23531,WALL ART BIG LOVE 
23532,WALL ART WORK REST AND PLAY  
23533,WALL ART GARDEN HAVEN 
23535,WALL ART BICYCLE SAFETY
23538,WALL ART VINTAGE HEART
23539,WALL ART LOVES' SECRET 
23541,WALL ART CLASSIC PUDDINGS 
23542,WALL ART 70'S ALPHABET 
23544,WALL ART MID CENTURY MODERN 
23545,WRAP RED VINTAGE DOILY
23546,WRAP PAISLEY PARK 
23547,WRAP FLOWER SHOP  
23548,WRAP MAGIC FOREST 
23550,WRAP ALPHABET POSTER  
23551,PACK OF 12 PAISLEY PARK TISSUES 
23552,BICYCLE PUNCTURE REPAIR KIT 
23553,LANDMARK FRAME CAMDEN TOWN 
23558,LANDMARK FRAME LONDON BRIDGE 
23559,WOODLAND BUNNIES LOLLY MAKERS
23562,SET OF 6 RIBBONS PERFECTLY PRETTY  
23564,EGG CUP MILKMAID INGRID
23566,EGG CUP MILKMAID HEIDI
23569,TRADTIONAL ALPHABET STAMP SET
23570,TRADITIONAL PICK UP STICKS GAME 
23571,TRADITIONAL NAUGHTS & CROSSES
23576,SNACK TRAY RED VINTAGE DOILY
23579,SNACK TRAY I LOVE LONDON
23580,SNACK TRAY HAPPY FOREST  
23581,JUMBO BAG PAISLEY PARK
23582,VINTAGE DOILY JUMBO BAG RED 
23583,LUNCH BAG PAISLEY PARK  
23598,PAPER BUNTING VINTAGE PARTY
23660,HENRIETTA HEN MUG 
23681,LUNCH BAG RED VINTAGE DOILY
23694,PAISLEY PARK CARD
35001W,HAND OPEN SHAPE DECO.WHITE
35004C,SET OF 3 COLOURED  FLYING DUCKS
35004G,SET OF 3 GOLD FLYING DUCKS
35095A,BLUE VICTORIAN FABRIC OVAL BOX
35471D,SET OF 3 BIRD LIGHT PINK FEATHER 
35598B,BLACK CHRISTMAS TREE 60CM
35607B,BLACK FEATHER CHRISTMAS DECORATION
35637A,IVORY STRING CURTAIN WITH POLE 
35638B,PINK/BLUE STRING CURTAIN 
35646,VINTAGE BEAD PINK EVENING BAG
35648,VINTAGE BEAD PINK PURSE 
35649,VINTAGE BEAD COSMETIC BAG 
35651,VINTAGE BEAD PINK SCARF 
35809A,ENAMEL PINK TEA CONTAINER
35810B,ENAMEL BLUE RIM COFFEE CONTAINER
35818P,"ACRYLIC JEWEL ICICLE, PINK"
35833P,4 PINK FLOCK CHRISTMAS BALLS
35911A,MULTICOLOUR RABBIT EGG WARMER
35924,HANGING FAIRY CAKE DECORATION
35953,FOLKART STAR CHRISTMAS DECORATIONS
35961,FOLKART ZINC HEART CHRISTMAS DEC
35964,FOLKART CLIP ON STARS
35965,FOLKART HEART NAPKIN RINGS
35967,FOLK ART METAL STAR T-LIGHT HOLDER
35970,ZINC FOLKART SLEIGH BELLS
35971,ROSE FOLKART HEART DECORATIONS
37340,MULTICOLOUR SPRING FLOWER MUG
37342,POLKADOT COFFEE CUP & SAUCER PINK
37370,RETRO COFFEE MUGS ASSORTED
37413,ICON MUG REVOLUTIONARY
37446,MINI CAKE STAND WITH HANGING CAKES
37447,CERAMIC CAKE DESIGN SPOTTED PLATE
37448,CERAMIC CAKE DESIGN SPOTTED MUG
37449,CERAMIC CAKE STAND + HANGING CAKES
37450,CERAMIC CAKE BOWL + HANGING CAKES
37475,SET/4 COLOURFUL MIXING BOWLS
37482P,CUBIC MUG PINK POLKADOT
37489B,BLUE/YELLOW FLOWER DESIGN BIG MUG
37489D,PINK/GREEN FLOWER DESIGN BIG MUG
37495,FAIRY CAKE BIRTHDAY CANDLE SET
37500,TEA TIME TEAPOT IN GIFT BOX
40016,CHINESE DRAGON PAPER LANTERNS
44235,ASS COL CIRCLE MOBILE 
44236,PINK/PURPLE CIRCLE CURTAIN
46000M,POLYESTER FILLER PAD 45x45cm
46000S,POLYESTER FILLER PAD 40x40cm
46118,FUNKY MONKEY CUSHION COVER
46138B,BLUE CHENILLE SHAGGY CUSHION COVER 
47310M,SMALL POP BOX FUNKY MONKEY
47343A,FUSCHIA FLOWER PURSE WITH BEADS
47420,ASSORTED COLOUR SUCTION CUP HOOK
47421,ASSORTED COLOUR LIZARD SUCTION HOOK
47480,HANGING PHOTO CLIP ROPE LADDER
47503A,ASS FLORAL PRINT MULTI SCREWDRIVER
47504H,ENGLISH ROSE SPIRIT LEVEL 
47504K,ENGLISH ROSE GARDEN SECATEURS
47559B,TEA TIME OVEN GLOVE
47563A,RETRO LONGBOARD IRONING BOARD COVER
47566,PARTY BUNTING
47566B,TEA TIME PARTY BUNTING
47567B,TEA TIME KITCHEN APRON
47574A,ENGLISH ROSE SCENTED HANGING FLOWER
47580,TEA TIME DES TEA COSY
47590A,BLUE HAPPY BIRTHDAY BUNTING
47590B,PINK HAPPY BIRTHDAY BUNTING
47591D,PINK FAIRY CAKE CHILDRENS APRON
47593A,CAROUSEL PONIES BABY BIB
47593B,SCOTTIE DOGS BABY BIB
47599A,PINK PARTY BAGS
47599B,BLUE PARTY BAGS 
48111,DOORMAT 3 SMILEY CATS
48116,DOORMAT MULTICOLOUR STRIPE
48129,DOORMAT TOPIARY
48138,DOORMAT UNION FLAG
48173C,DOORMAT BLACK FLOCK 
48184,DOORMAT ENGLISH ROSE 
48185,DOORMAT FAIRY CAKE
48187,DOORMAT NEW ENGLAND
48188,DOORMAT WELCOME PUPPIES
48194,DOORMAT HEARTS
51008,AFGHAN SLIPPER SOCK PAIR
51014A,"FEATHER PEN,HOT PINK"
51014C,"FEATHER PEN,COAL BLACK"
51014L,"FEATHER PEN,LIGHT PINK"
62018,SOMBRERO 
70006,LOVE HEART POCKET WARMER
70007,HI TEC ALPINE HAND WARMER
71053,WHITE METAL LANTERN
71053,WHITE MOROCCAN METAL LANTERN
71406C,BLACK ORANGE SQUEEZER
71459,HANGING JAM JAR T-LIGHT HOLDER
71459,HANGING JAM JAR T-LIGHT HOLDERS
71477,COLOURED GLASS STAR T-LIGHT HOLDER
71477,COLOUR GLASS. STAR T-LIGHT HOLDER
72127,COLUMBIAN CANDLE ROUND 
72128,COLUMBIAN CANDLE ROUND
72130,COLUMBIAN CANDLE ROUND
72132,COLUMBIAN CUBE CANDLE
72133,COLUMBIAN CANDLE RECTANGLE
72134,COLUMBIAN  CUBE CANDLE 
72232,FENG SHUI PILLAR CANDLE
72349B,SET/6 PURPLE BUTTERFLY T-LIGHTS
72351A,SET/6 TURQUOISE BUTTERFLY T-LIGHTS
72351B,SET/6 PINK  BUTTERFLY T-LIGHTS
72598,SET/12 TAPER CANDLES
72741,GRAND CHOCOLATECANDLE
72760B,VINTAGE CREAM 3 BASKET CAKE STAND
72800B, 4 PURPLE FLOCK DINNER CANDLES
72800C,4 PINK DINNER CANDLE SILVER FLOCK
72801D,4 SKY BLUE DINNER CANDLES
72802B,OCEAN SCENT CANDLE IN JEWELLED BOX
72802C,VANILLA SCENT CANDLE JEWELLED BOX
72807A,SET/3 ROSE CANDLE IN JEWELLED BOX
72807B,SET/3 OCEAN SCENT CANDLE JEWEL BOX
72807C,SET/3 VANILLA SCENTED CANDLE IN BOX
72816,SET/3 CHRISTMAS DECOUPAGE CANDLES
72817,SET OF 2 CHRISTMAS DECOUPAGE CANDLE
72818,CHRISTMAS DECOUPAGE CANDLE
72819,CUPID DESIGN SCENTED CANDLES
75011,BLUE DAISY MOBILE
75049L,LARGE CIRCULAR MIRROR MOBILE
75131,METAL TUBE CHIME ON BAMBOO
79000,MOROCCAN TEA GLASS
79051A,SMOKEY GREY COLOUR D.O.F. GLASS
79063C,"RETRO PILL BOX KEY CHAIN,THE KING"
79063D,"RETRO PILL BOX , REVOLUTIONARY"
79066K,RETRO MOD TRAY
79164,BLACK WINE GLASS
79190B,RETRO PLASTIC POLKA TRAY
79191C,RETRO PLASTIC ELEPHANT TRAY
79302M,"ART LIGHTS,FUNK MONKEY"
79321,CHILLI LIGHTS
79337,BLUE FLOCK GLASS CANDLEHOLDER
81952B,ROUND BLUE CLOCK WITH SUCKER
82001S,VINYL RECORD FRAME SILVER
82482,WOODEN PICTURE FRAME WHITE FINISH
82483,WOOD 2 DRAWER CABINET WHITE FINISH
82484,WOOD BLACK BOARD ANT WHITE FINISH
82486,WOOD S/3 CABINET ANT WHITE FINISH
82486,3 DRAWER ANTIQUE WHITE WOOD CABINET
82494L,WOODEN FRAME ANTIQUE WHITE 
82551,LAUNDRY 15C METAL SIGN
82552,WASHROOM METAL SIGN
82567,"AIRLINE LOUNGE,METAL SIGN"
82578,KITCHEN METAL SIGN
82580,BATHROOM METAL SIGN
82581,TOILET METAL SIGN
82582,AREA PATROLLED METAL SIGN
82583,HOT BATHS METAL SIGN
82600,N0 SINGING METAL SIGN
82600,NO SINGING METAL SIGN
82613A,"METAL SIGN,CUPCAKE SINGLE HOOK"
82616B,FRAPPUCINO SCARF KNITTING KIT
84006,MAGIC TREE -PAPER FLOWERS
84012,MAGIC SHEEP WOOL GROWING FROM PAPER
84029E,RED WOOLLY HOTTIE WHITE HEART.
84029G,KNITTED UNION FLAG HOT WATER BOTTLE
84030E,ENGLISH ROSE HOT WATER BOTTLE
84031A,CHARLIE+LOLA RED HOT WATER BOTTLE 
84031B,CHARLIE LOLA BLUE HOT WATER BOTTLE 
84032A,CHARLIE+LOLA PINK HOT WATER BOTTLE
84032B,CHARLIE + LOLA RED HOT WATER BOTTLE
84050,PINK HEART SHAPE EGG FRYING PAN
84077,WORLD WAR 2 GLIDERS ASSTD DESIGNS
84078A,SET/4 WHITE RETRO STORAGE CUBES 
84086C,PINK/PURPLE RETRO RADIO
84199,GLOW IN DARK DOLPHINS
84206C,CHAMPAGNE TRAY BLANK CARD
84212,"ASSORTED FLOWER COLOUR ""LEIS"""
84247E,PACK OF 12 CHRISTMAS FUN CARDS
84247G,"DECOUPAGE,GREETING CARD,"
84247K,"FOLK ART GREETING CARD,pack/12"
84247L,FAWN AND MUSHROOM GREETING CARD
84247N,PACK/12 BLUE FOLKART CARDS
84279B,CHERRY BLOSSOM DECORATIVE FLASK
84313C,ORANGE TV TRAY TABLE 
84347,ROTATING SILVER ANGELS T-LIGHT HLDR
84352,SILVER CHRISTMAS TREE BAUBLE STAND 
84356,POMPOM CURTAIN
84358,FLOOR LAMP SHADE WOOD BASE
84360,TABLE LAMP WHITE SHADE WOOD BASE
84375,SET OF 20 KIDS COOKIE CUTTERS
84378,SET OF 3 HEART COOKIE CUTTERS
84380,SET OF 3 BUTTERFLY COOKIE CUTTERS
84402B,PURPLE DRESS JEWELLERY STAND
84406B,CREAM CUPID HEARTS COAT HANGER
84429A,MEDIUM PINK BUDDHA HEAD 
84452,METAL RABBIT LADDER EASTER 
84462,3 PINK HEN+CHICKS IN BASKET
84497,BUTTONS AND STRIPES NOTEBOOK 
84508B,STRIPES DESIGN TEDDY
84509A,SET OF 4 ENGLISH ROSE PLACEMATS
84509C,SET OF 4 POLKADOT PLACEMATS 
84509G,SET OF 4 FAIRY CAKE PLACEMATS 
84510A,SET OF 4 ENGLISH ROSE COASTERS
84519A,TOMATO CHARLIE+LOLA COASTER SET
84519B,CARROT CHARLIE+LOLA COASTER SET
84520B,PACK 20 ENGLISH ROSE PAPER NAPKINS
84535A,ENGLISH ROSE NOTEBOOK A6 SIZE
84535B,FAIRY CAKES NOTEBOOK A6 SIZE
84536B,FAIRY CAKES NOTEBOOK A7 SIZE
84558A,3D DOG PICTURE PLAYING CARDS
84559A,3D SHEET OF DOG STICKERS
84559B,3D SHEET OF CAT STICKERS
84568,GIRLS ALPHABET IRON ON PATCHES 
84569A,PACK 3 IRON ON DOG PATCHES
84569B,PACK 3 FIRE ENGINE/CAR PATCHES
84581,DOG TOY WITH PINK CROCHET SKIRT
84592,CROCHET ROSE PURSE WITH SUEDE BACK
84595E,LARGE TORTILLA DESIGN RED BOWL
84596B,SMALL DOLLY MIX DESIGN ORANGE BOWL
84596F,SMALL MARSHMALLOWS PINK BOWL
84596G,SMALL CHOCOLATES PINK BOWL
84596J,MIXED NUTS LIGHT GREEN BOWL
84596L,BISCUITS SMALL BOWL LIGHT BLUE
84597B,RETRO BROWN BALL ASHTRAY 
84609,TALL ROCOCO CANDLE HOLDER
84617,NEW BAROQUE BLACK BOXES
84625C,BLUE NEW BAROQUE CANDLESTICK CANDLE
84632,DECORATIVE HANGING SHELVING UNIT
84661B,BLACK SQUARE TABLE CLOCK
84665,SQUARE CHERRY BLOSSOM CABINET
84673A,PINK FLY SWAT
84673B,BLUE FLY SWAT
84678,CLASSICAL ROSE SMALL VASE
84692,BOX OF 24 COCKTAIL PARASOLS
84709B,PINK OVAL JEWELLED MIRROR
84748,FOLK FELT HANGING MULTICOL GARLAND
84755,COLOUR GLASS T-LIGHT HOLDER HANGING
84760S,SMALL HANGING GLASS+ZINC LANTERN
84763,ZINC FINISH 15CM PLANTER POTS
84789,ENCHANTED BIRD PLANT CAGE
84792,ENCHANTED BIRD COATHANGER 5 HOOK
84795B,SUNSET CHECK HAMMOCK
84796B,BLUE SAVANNAH PICNIC HAMPER FOR 2
84799,SPRIG LAVENDER ARTIFICIAL FLOWER
84800M,MEDIUM WHITE/PINK ROSE ART FLOWER
84800S,SMALL WHITE/PINK ROSE ART FLOWER
84806B,WHITE CANDYSTUFT ARTIFICIAL FLOWER
84813,SET OF 4 DIAMOND NAPKIN RINGS
84816,DANISH ROSE BEDSIDE CABINET
84820,DANISH ROSE TRINKET TRAYS
84821,DANISH ROSE DELUXE COASTER
84823,DANISH ROSE FOLDING CHAIR
84826,ASSTD DESIGN 3D PAPER STICKERS
84828,JUNGLE POPSICLES ICE LOLLY MOULDS
84832,ZINC WILLIE WINKIE  CANDLE STICK
84836,ZINC METAL HEART DECORATION
84843,WHITE SOAP RACK WITH 2 BOTTLES
84847,FLORAL BATHROOM SET
84849B,FAIRY SOAP SOAP HOLDER
84849D,HOT BATHS SOAP HOLDER
84858C,PINK RIVIERA HANDBAG
84875B,GREEN SQUARE COMPACT MIRROR
84879,ASSORTED COLOUR BIRD ORNAMENT
84880,WHITE WIRE EGG HOLDER
84884A,ANT WHITE WIRE HEART SPIRAL
84898F,YELLOW FLOWERS FELT HANDBAG KIT
84910A,PINK PAISLEY CUSHION COVER 
84912A,PINK ROSE WASHBAG
84912B,GREEN ROSE WASHBAG
84915,HAND TOWEL PINK FLOWER AND DAISY
84920,PINK FLOWER FABRIC PONY
84922,PINK BUTTERFLY WASHBAG
84926D,LA PALMIERA TILE COASTER
84927D,LA PALMIERA TILE HOOK
84929,ASSTD FRUIT+FLOWERS FRIDGE MAGNETS
84931B,BLUE SCOTTIE DOG W FLOWER PATTERN
84944,SET OF 6 KASHMIR FOLKART BAUBLES
84945,MULTI COLOUR SILVER T-LIGHT HOLDER
84946,ANTIQUE SILVER TEA GLASS ETCHED
84946,ANTIQUE SILVER T-LIGHT GLASS
84947,ANTIQUE SILVER TEA GLASS ENGRAVED
84949,SILVER HANGING T-LIGHT HOLDER
84950,ASSORTED COLOUR T-LIGHT HOLDER
84951A,SET OF 4 PISTACHIO LOVEBIRD COASTER
84952C,MIRROR LOVE BIRD T-LIGHT HOLDER
84968C,SET OF 16 VINTAGE PISTACHIO CUTLERY
84968D,SET OF 16 VINTAGE RED CUTLERY
84968E,SET OF 16 VINTAGE BLACK CUTLERY
84969,BOX OF 6 ASSORTED COLOUR TEASPOONS
84970L,SINGLE HEART ZINC T-LIGHT HOLDER
84970S,HANGING HEART ZINC T-LIGHT HOLDER
84971S,SMALL HEART FLOWERS HOOK 
84974,S/2 ZINC HEART DESIGN PLANTERS
84978,HANGING HEART JAR T-LIGHT HOLDER
84987,SET OF 36 TEATIME PAPER DOILIES
84988,SET OF 72 PINK HEART PAPER DOILIES
84989A,75 GREEN FAIRY CAKE CASES
84991,60 TEATIME FAIRY CAKE CASES
84992,72 SWEETHEART FAIRY CAKE CASES
84993B,75 BLACK PETIT FOUR CASES
84997A,GREEN 3 PIECE POLKADOT CUTLERY SET
84997B,RED 3 PIECE RETROSPOT CUTLERY SET
84997B,CHILDRENS CUTLERY RETROSPOT RED 
84997C,CHILDRENS CUTLERY POLKADOT BLUE
84997D,PINK 3 PIECE POLKADOT CUTLERY SET
84997D,CHILDRENS CUTLERY POLKADOT PINK
85014A,BLACK/BLUE POLKADOT UMBRELLA
85014B,RED RETROSPOT UMBRELLA
85015,SET OF 12  VINTAGE POSTCARD SET
85016,SET OF 6 VINTAGE NOTELETS KIT
85017B,ENVELOPE 50 BLOSSOM IMAGES
85020,ROUND PINK HEART MIRROR
85023B,EAU DE NILE JEWELLED PHOTOFRAME
85025B,EAU DE NILE HEART SHAPE PHOTO FRAME
85030,FRENCH CHATEAU OVAL PLATTER
85032A,ROMANTIC IMAGES GIFT WRAP SET
85032B,BLOSSOM IMAGES GIFT WRAP SET
85032C,CURIOUS IMAGES GIFT WRAP SET
85032D,YULETIDE IMAGES GIFT WRAP SET
85034A,3 GARDENIA MORRIS BOXED CANDLES
85034B,3 WHITE CHOC MORRIS BOXED CANDLES
85034C,3 ROSE MORRIS BOXED CANDLES
85035B,CHOCOLATE 3 WICK MORRIS BOX CANDLE
85035C,ROSE 3 WICK MORRIS BOX CANDLE
85036A,GARDENIA 1 WICK MORRIS BOXED CANDLE
85036C,ROSE 1 WICK MORRIS BOXED CANDLE
85038,6 CHOCOLATE LOVE HEART T-LIGHTS
85039A,SET/4 RED MINI ROSE CANDLE IN BOWL
85039B,S/4 IVORY MINI ROSE CANDLE IN BOWL
85040A,S/4 PINK FLOWER CANDLES IN BOWL
85045,GREEN CHRISTMAS TREE STRING 20LIGHT
85048,15CM CHRISTMAS GLASS BALL 20 LIGHTS
85049A,TRADITIONAL CHRISTMAS RIBBONS
85049C,ROMANTIC PINKS RIBBONS 
85049D,BRIGHT BLUES RIBBONS 
85049E,SCANDINAVIAN REDS RIBBONS
85049F,BABY BOOM RIBBONS 
85049G,CHOCOLATE BOX RIBBONS 
85049H,URBAN BLACK RIBBONS 
85053,FRENCH ENAMEL CANDLEHOLDER
85054,FRENCH ENAMEL POT W LID
85059,FRENCH ENAMEL WATER BASIN
85061W,WHITE JEWELLED HEART DECORATION
85062,PEARL CRYSTAL PUMPKIN T-LIGHT HLDR
85064,CREAM SWEETHEART LETTER RACK
85066,CREAM SWEETHEART MINI CHEST
85071B,RED CHARLIE+LOLA PERSONAL DOORSIGN
85071C,"CHARLIE+LOLA""EXTREMELY BUSY"" SIGN"
85071D,CHARLIE+LOLA MY ROOM DOOR SIGN
85092,CANDY SPOT TEA COSY
85099B,JUMBO BAG RED RETROSPOT
85099C,JUMBO  BAG BAROQUE BLACK WHITE
85099F,JUMBO BAG STRAWBERRY
85103,SILVER T-LIGHT SETTING
85111,SILVER GLITTER FLOWER VOTIVE HOLDER
85114A,BLACK ENCHANTED FOREST PLACEMAT
85114B,IVORY ENCHANTED FOREST PLACEMAT
85114C,RED ENCHANTED FOREST PLACEMAT
85116,BLACK CANDELABRA T-LIGHT HOLDER
85123A,WHITE HANGING HEART T-LIGHT HOLDER
85124B,BLUE JUICY FRUIT PHOTO FRAME
85124C,GREEN JUICY FRUIT PHOTO FRAME
85129B,BEADED CRYSTAL HEART GREEN SMALL
85130B,BEADED CRYSTAL HEART GREEN LARGE
85130C,BEADED CRYSTAL HEART BLUE  LARGE
85130D,BEADED CRYSTAL HEART PINK LARGE
85131A,BEADED PEARL HEART WHITE ON STICK
85131C,BEADED CRYSTAL HEART BLUE ON STICK
85132B,CHARLIE AND LOLA TABLE TINS
85132C,CHARLIE AND LOLA FIGURES TINS
85135C,RED DRAGONFLY HELICOPTER
85136C,RED SHARK HELICOPTER
85141,JARDIN ETCHED GLASS FRUITBOWL
85150,LADIES & GENTLEMEN METAL SIGN
85152,HAND OVER THE CHOCOLATE   SIGN 
85159A,"BLACK TEA,COFFEE,SUGAR JARS"
85163A,WHITE BAROQUE WALL CLOCK 
85169B,BLACK LOVE BIRD CANDLE
85170D,SET/6 PINK BIRD T-LIGHT CANDLES
85172,HYACINTH BULB T-LIGHT CANDLES
85173,SET/6 FROG PRINCE T-LIGHT CANDLES
85174,S/4 CACTI CANDLES
85175,CACTI T-LIGHT CANDLES
85176,SEWING SUSAN 21 NEEDLE SET
85177,BASKET OF FLOWERS SEWING KIT
85178,VICTORIAN SEWING KIT
85180A,RED HEARTS LIGHT CHAIN 
85183A,CHARLIE & LOLA WASTEPAPER BIN BLUE
85183B,CHARLIE & LOLA WASTEPAPER BIN FLORA
85185B,PINK HORSE SOCK PUPPET
85185D,FROG SOCK PUPPET
85186A,EASTER BUNNY GARLAND OF FLOWERS
85186C,BUNNY EGG GARLAND
85187,S/12 MINI RABBIT EASTER
85194S,HANGING SPRING FLOWER EGG SMALL
85197,SET OF 12 MINI BUNNIES IN A BUCKET
85199L,LARGE HANGING IVORY & RED WOOD BIRD
85199S,SMALL HANGING IVORY/RED WOOD BIRD
85202,HANGING WOOD AND FELT HEART
85203,HANGING WOOD AND FELT BUTTERFLY 
85205B,PINK FELT EASTER RABBIT GARLAND
85206A,CREAM FELT EASTER EGG BASKET
85208,SET/12 FUNKY FELT FLOWER PEG IN BAG
85211,S/4 GROOVY CAT MAGNETS
85212,MINI PAINTED GARDEN DECORATION 
85214,TUB 24 PINK FLOWER PEGS
85216,ASSORTED CAKES FRIDGE MAGNETS
85227,SET OF 6 3D KIT CARDS FOR KIDS
85230A,OPIUM SCENTED VOTIVE CANDLE
85230E,STRAWBRY SCENTED VOTIVE CANDLE
85231B,CINAMMON SET OF 9 T-LIGHTS
85232D,SET/3 DECOUPAGE STACKING TINS
90003D,CRYSTAL PAIR HEART HAIR SLIDES
90019C,SILVER BLACK ORBIT BRACELET
90026C,GLASS BEAD HOOP NECKLACE GREEN
90030A,SPOTTED WHITE NATURAL SEED NECKLACE
90030B,RED KUKUI COCONUT SEED NECKLACE
90058B,CRYSTAL STUD EARRINGS ASSORTED COL 
90079,VINTAGE ENAMEL & CRYSTAL NECKLACE
90086,CRYSTAL FROG PHONE CHARM
90096,NECKLACE+BRACELET SET BLUE BLOSSOM
90125D,PURPLE BERTIE GLASS BEAD BAG CHARM
90141A,GREEN PENDANT TRIPLE SHELL NECKLACE
90154,LAZER CUT NECKLACE W PASTEL BEADS
90158,ST TROPEZ NECKLACE
90160C,TURQ+RED BOUDICCA LARGE BRACELET
90160D,PINK BOUDICCA LARGE BRACELET
90161B,ANT COPPER TURQ BOUDICCA BRACELET
90161C,ANT COPPER LIME BOUDICCA BRACELET
90161D,ANT COPPER PINK BOUDICCA BRACELET
90162C,ANT SILVER FUSCHIA BOUDICCA RING
90163B,WHITE ROSEBUD & PEARL NECKLACE
90164B,WHITE  ROSEBUD PEARL BRACELET
90177C,DROP DIAMANTE EARRINGS CRYSTAL
90177D,DROP DIAMANTE EARRINGS PURPLE
90184C,BLACK CHUNKY BEAD BRACELET W STRAP
90189A,SILVER 2 STRAND NECKLACE-LEAF CHARM
90192,JADE DROP EARRINGS W FILIGREE
90194,SILVER LARIAT BLACK STONE EARRINGS
90196B,BLACK GEMSTONE NECKLACE 45CM
90198A,VINTAGE ROSE BEAD BRACELET RASPBERR
90200A,PURPLE SWEETHEART BRACELET
90205A,LARGE MINT DIAMANTE HAIRSLIDE
C2,CARRIAGE
M,Manual
POST,POSTAGE
